X,Y,PlacementDate,EarliestDeliveryDate,LatestDeliveryDate,IsPrime
3.4,1.4,1,4,8,0
1.2,1.9,1,4,8,0
1.1,1.5,1,4,8,0
0.1,1,1,4,8,0
3.4,4,1,4,8,0
1.5,0.1,1,4,8,0
0.1,3.4,1,4,8,0
0.6,1.6,1,4,8,0
3.4,2.3,1,2,2,1
2.2,0.9,2,5,9,0
0,0.1,2,5,9,0
0.6,0.2,2,5,9,0
3.4,1.3,2,5,9,0
1.5,2,2,5,9,0
3.2,2.7,2,5,9,0
3.9,0.9,2,5,9,0
1.9,1.2,2,5,9,0
2.4,1.3,2,3,3,1
2.9,2.5,3,6,10,0
0.9,0.5,3,6,10,0
1,1.2,3,6,10,0
1.9,3.8,3,6,10,0
0.9,2.2,3,6,10,0
3.1,0.5,3,6,10,0
3.8,1,3,6,10,0
2,2,3,6,10,0
3.5,2.2,3,4,4,1
2.1,0,4,7,11,0
0.4,2,4,7,11,0
2.1,2.8,4,7,11,0
0.2,1.2,4,7,11,0
3.5,1.8,4,7,11,0
3.8,1.4,4,7,11,0
3.9,3.2,4,7,11,0
1.9,1.6,4,7,11,0
0.6,1.4,4,5,5,1
1,3.6,5,8,12,0
2.5,3.8,5,8,12,0
1.3,2.3,5,8,12,0
3.3,1.1,5,8,12,0
0.1,0.4,5,8,12,0
0.4,1.6,5,8,12,0
0.9,3.1,5,8,12,0
1.5,2.9,5,8,12,0
0.8,0.3,5,6,6,1
3.9,2.4,6,9,13,0
0.5,2.3,6,9,13,0
0.5,0,6,9,13,0
0.7,3.2,6,9,13,0
0.9,3.3,6,9,13,0
1.4,1.8,6,9,13,0
3.6,1.5,6,9,13,0
2.2,2.7,6,9,13,0
0,3.4,6,7,7,1
0.5,0.2,7,10,14,0
0.4,1.8,7,10,14,0
0,0.8,7,10,14,0
3.2,3.2,7,10,14,0
3.6,2.6,7,10,14,0
3,0.9,7,10,14,0
3.8,4,7,10,14,0
0.9,3.6,7,10,14,0
3.3,3.2,7,8,8,1
2.5,0.4,8,11,15,0
0,0.3,8,11,15,0
2.5,0.6,8,11,15,0
3.8,1.2,8,11,15,0
2.3,1.1,8,11,15,0
1.2,3.9,8,11,15,0
1.4,1.4,8,11,15,0
3.8,0.7,8,11,15,0
0.5,2.3,8,9,9,1
0.7,2.4,9,12,16,0
2.6,3.3,9,12,16,0
0.9,0.8,9,12,16,0
0.8,3.7,9,12,16,0
3.3,0.6,9,12,16,0
2.8,2.7,9,12,16,0
2.8,0.3,9,12,16,0
1.2,0.2,9,12,16,0
0,3,9,10,10,1
1,1.7,10,13,17,0
3.2,3.8,10,13,17,0
1.8,0.9,10,13,17,0
3.5,0.9,10,13,17,0
2.2,0.1,10,13,17,0
1,0,10,13,17,0
3.5,3.3,10,13,17,0
2.1,1,10,13,17,0
3.2,1.3,10,11,11,1
1.9,3.6,11,14,18,0
3.6,0.1,11,14,18,0
1,1.1,11,14,18,0
3.9,0.9,11,14,18,0
3.9,1.4,11,14,18,0
2.1,1.3,11,14,18,0
0.8,0.1,11,14,18,0
2.7,3.8,11,14,18,0
0.3,1,11,12,12,1
1.1,3.1,12,15,19,0
2,0.9,12,15,19,0
3.3,0.5,12,15,19,0
0.9,1.3,12,15,19,0
0.2,2.6,12,15,19,0
2.9,0.2,12,15,19,0
2.2,1.6,12,15,19,0
3.9,3.9,12,15,19,0
2.7,1,12,13,13,1
1.6,2,13,16,20,0
0.7,3,13,16,20,0
1.6,3,13,16,20,0
0.6,0,13,16,20,0
0.3,1.3,13,16,20,0
0.8,3.1,13,16,20,0
3.7,4,13,16,20,0
2.5,0.9,13,16,20,0
0.5,3.3,13,14,14,1
3.6,3.8,14,17,21,0
3.4,0.2,14,17,21,0
0.7,0,14,17,21,0
1.1,0.6,14,17,21,0
3.5,3.1,14,17,21,0
1.6,1.2,14,17,21,0
2.4,1.3,14,17,21,0
0.1,0.1,14,17,21,0
3.4,0.4,14,15,15,1
0.1,0.1,15,18,22,0
1.4,0.5,15,18,22,0
3.9,0.6,15,18,22,0
3.7,0.5,15,18,22,0
2.3,1,15,18,22,0
1.1,3.8,15,18,22,0
0.3,2.1,15,18,22,0
2.9,0.6,15,18,22,0
0.4,3.1,15,16,16,1
2.6,0.7,16,19,23,0
1.8,3.3,16,19,23,0
1.2,1.4,16,19,23,0
0.7,0.1,16,19,23,0
0.4,0.4,16,19,23,0
0.5,2.3,16,19,23,0
0.6,3.2,16,19,23,0
0.9,1.3,16,19,23,0
2.9,0.2,16,17,17,1
2.2,0.2,17,20,24,0
3.7,0.7,17,20,24,0
0.7,3.5,17,20,24,0
3,0.3,17,20,24,0
0.3,2.7,17,20,24,0
2.1,2.7,17,20,24,0
4,3.3,17,20,24,0
0.1,0.9,17,20,24,0
2.4,2.7,17,18,18,1
3,0.5,18,21,25,0
1.8,3.7,18,21,25,0
3.5,0.1,18,21,25,0
3.3,2.3,18,21,25,0
0.8,0.7,18,21,25,0
3.3,0.7,18,21,25,0
1.2,0.8,18,21,25,0
1.3,2.3,18,21,25,0
3,0.6,18,19,19,1
4,1.3,19,22,26,0
3.3,2.2,19,22,26,0
0.3,2.3,19,22,26,0
3.7,3.7,19,22,26,0
2.8,1.8,19,22,26,0
2.4,2.3,19,22,26,0
4,1.7,19,22,26,0
3.6,0.9,19,22,26,0
3.7,1,19,20,20,1
2.9,2.4,20,23,27,0
2.7,3.1,20,23,27,0
4,0.9,20,23,27,0
1,1.6,20,23,27,0
1.4,1.7,20,23,27,0
1.6,2.2,20,23,27,0
3.4,1.9,20,23,27,0
2.1,0.6,20,23,27,0
0.3,2,20,21,21,1
0.1,1.1,21,24,28,0
1.2,2.6,21,24,28,0
1,2.3,21,24,28,0
3.2,0.9,21,24,28,0
0,1.8,21,24,28,0
0.1,2.9,21,24,28,0
4,3.8,21,24,28,0
3.7,0.2,21,24,28,0
1.2,0,21,22,22,1
1.3,1.5,22,25,29,0
1.9,3,22,25,29,0
1.3,3.7,22,25,29,0
1,0.3,22,25,29,0
1.2,3,22,25,29,0
0.7,1.3,22,25,29,0
4,4,22,25,29,0
1.2,0.4,22,25,29,0
1.6,0.9,22,23,23,1
3.5,1.3,23,26,30,0
1.2,2.7,23,26,30,0
3.7,1.7,23,26,30,0
0.8,3.6,23,26,30,0
2.8,2.6,23,26,30,0
3.8,0.3,23,26,30,0
0.8,1.7,23,26,30,0
1.3,1.5,23,26,30,0
1.1,3.6,23,24,24,1
0.7,0.7,24,27,31,0
2,0.2,24,27,31,0
2.7,1.7,24,27,31,0
3.9,3.5,24,27,31,0
2.8,2.9,24,27,31,0
0.3,1.7,24,27,31,0
0.6,3.9,24,27,31,0
0.9,2.8,24,27,31,0
3.4,2.4,24,25,25,1
2.1,0.3,25,28,32,0
0.2,1.1,25,28,32,0
3.2,2.1,25,28,32,0
1.1,0.1,25,28,32,0
3,2.1,25,28,32,0
3.6,0.2,25,28,32,0
0.1,1.7,25,28,32,0
3.3,1.2,25,28,32,0
2,1.3,25,26,26,1
3.3,0.2,26,29,33,0
3.7,0.4,26,29,33,0
3.4,1.8,26,29,33,0
2.9,0.6,26,29,33,0
2.9,0.2,26,29,33,0
2.3,1.4,26,29,33,0
0,0.2,26,29,33,0
0.3,2.1,26,29,33,0
1.7,2.3,26,27,27,1
0.2,2.3,27,30,34,0
1.9,3.7,27,30,34,0
2.7,2.9,27,30,34,0
1,0.8,27,30,34,0
2.3,0.5,27,30,34,0
0.8,1.6,27,30,34,0
1,1.2,27,30,34,0
2.6,1.7,27,30,34,0
2.4,3,27,28,28,1
1.4,0.7,28,31,35,0
3.5,2.2,28,31,35,0
1.6,3.1,28,31,35,0
0.2,1.2,28,31,35,0
2.8,0.9,28,31,35,0
2.4,0.5,28,31,35,0
3.7,0.7,28,31,35,0
2.2,0.8,28,31,35,0
1.6,0.1,28,29,29,1
2.3,4,29,32,36,0
1.1,2.8,29,32,36,0
1.9,0.4,29,32,36,0
3.1,3.4,29,32,36,0
3.5,4,29,32,36,0
3.2,3,29,32,36,0
1.7,1.2,29,32,36,0
2.8,2.4,29,32,36,0
2.5,1.2,29,30,30,1
0.5,1.2,30,33,37,0
3.4,2.9,30,33,37,0
2.5,0.1,30,33,37,0
3.4,2.9,30,33,37,0
1.1,3.2,30,33,37,0
2,0.1,30,33,37,0
0.8,2.3,30,33,37,0
3.8,1.1,30,33,37,0
1.5,1.2,30,31,31,1
2.1,0.4,31,34,38,0
3.8,3.6,31,34,38,0
2.3,1.1,31,34,38,0
3.6,2.9,31,34,38,0
0.6,0.8,31,34,38,0
1.2,2.7,31,34,38,0
0.7,3.6,31,34,38,0
3.9,1.9,31,34,38,0
2.1,1.1,31,32,32,1
0.7,0.3,32,35,39,0
2.2,1.6,32,35,39,0
0.6,0,32,35,39,0
1,0.8,32,35,39,0
2.2,2.2,32,35,39,0
4,2.9,32,35,39,0
0.4,3.9,32,35,39,0
2.8,3.5,32,35,39,0
1.1,3.1,32,33,33,1
2.5,1.8,33,36,40,0
3.4,2.4,33,36,40,0
3.2,0.1,33,36,40,0
0.7,2.8,33,36,40,0
1.3,1.6,33,36,40,0
1.4,1.4,33,36,40,0
2.3,3.4,33,36,40,0
3.8,3.2,33,36,40,0
2,2.4,33,34,34,1
3.7,2.3,34,37,41,0
3.6,4,34,37,41,0
0.6,2.7,34,37,41,0
1.3,3,34,37,41,0
3.6,2.5,34,37,41,0
3.8,3.2,34,37,41,0
2.6,0.8,34,37,41,0
0.7,1.1,34,37,41,0
2.2,2.7,34,35,35,1
3.5,3.6,35,38,42,0
2.7,0.4,35,38,42,0
1.6,3.7,35,38,42,0
2.8,1.7,35,38,42,0
3.4,1.9,35,38,42,0
3.8,1.8,35,38,42,0
2,0.5,35,38,42,0
0.9,1.6,35,38,42,0
3.1,1.6,35,36,36,1
2.3,0.2,36,39,43,0
2.1,2,36,39,43,0
1.8,2.6,36,39,43,0
1.4,2.7,36,39,43,0
1.8,1.9,36,39,43,0
3.5,3.5,36,39,43,0
1.7,2.5,36,39,43,0
2.7,2.9,36,39,43,0
1.4,0.7,36,37,37,1
0.1,0.9,37,40,44,0
2.6,1.2,37,40,44,0
1.1,3.1,37,40,44,0
1.4,2.2,37,40,44,0
1.1,2,37,40,44,0
4,3.3,37,40,44,0
0.4,1.4,37,40,44,0
0.8,3.2,37,40,44,0
2.2,3.9,37,38,38,1
2.5,0.6,38,41,45,0
1.7,3.9,38,41,45,0
3.3,1.1,38,41,45,0
1.5,1.7,38,41,45,0
1.3,3.6,38,41,45,0
1.2,1.5,38,41,45,0
1.7,4,38,41,45,0
0.1,3.6,38,41,45,0
2.1,0.3,38,39,39,1
2.2,3.8,39,42,46,0
3.6,0.8,39,42,46,0
1.6,2.6,39,42,46,0
1.5,1.6,39,42,46,0
0.4,1.1,39,42,46,0
1,0.7,39,42,46,0
3.6,1.3,39,42,46,0
3.9,1.2,39,42,46,0
0.1,3.3,39,40,40,1
0.5,3.5,40,43,47,0
2.5,4,40,43,47,0
0.4,2.6,40,43,47,0
2.8,0.5,40,43,47,0
1.5,1.2,40,43,47,0
3.7,1.6,40,43,47,0
3.2,1.3,40,43,47,0
0,1.3,40,43,47,0
1.5,3.7,40,41,41,1
0.1,3.9,41,44,48,0
1.8,3.1,41,44,48,0
4,4,41,44,48,0
3.7,3.1,41,44,48,0
2,1.9,41,44,48,0
1.7,3,41,44,48,0
4,1.7,41,44,48,0
3.6,3.2,41,44,48,0
0.4,0.4,41,42,42,1
1,0.6,42,45,49,0
0.3,0.7,42,45,49,0
0.9,0.8,42,45,49,0
1.3,2.9,42,45,49,0
0.9,2.5,42,45,49,0
3.5,1.9,42,45,49,0
1.2,2.6,42,45,49,0
1,0.6,42,45,49,0
2.9,1.9,42,43,43,1
1.7,3.5,43,46,50,0
1.9,0.3,43,46,50,0
1.9,3.1,43,46,50,0
1.7,1.1,43,46,50,0
2.6,1.9,43,46,50,0
3.7,2.2,43,46,50,0
2.5,1.1,43,46,50,0
1.3,3.4,43,46,50,0
3.4,2.5,43,44,44,1
1.3,4,44,47,51,0
3.2,3.8,44,47,51,0
2.9,1.7,44,47,51,0
1.5,2,44,47,51,0
4,1.5,44,47,51,0
3.9,3.8,44,47,51,0
2,3,44,47,51,0
0.2,1.5,44,47,51,0
2.6,1.1,44,45,45,1
0.2,2.4,45,48,52,0
2,1.9,45,48,52,0
0,3.4,45,48,52,0
0.4,1.6,45,48,52,0
1.2,3.6,45,48,52,0
1.5,1.4,45,48,52,0
0.8,1.1,45,48,52,0
4,2,45,48,52,0
2,0.7,45,46,46,1
3.2,2.3,46,49,53,0
2.6,3.3,46,49,53,0
0.6,2.7,46,49,53,0
0.5,3.4,46,49,53,0
1.1,0.3,46,49,53,0
3.5,0.6,46,49,53,0
1.4,3.5,46,49,53,0
2.8,2.2,46,49,53,0
0.6,3.7,46,47,47,1
4,2.6,47,50,54,0
1,2.9,47,50,54,0
2.9,0.8,47,50,54,0
3.5,0.8,47,50,54,0
0.1,1.7,47,50,54,0
3.6,0.3,47,50,54,0
3.8,3.3,47,50,54,0
0.8,0.9,47,50,54,0
3.2,1.5,47,48,48,1
1.5,2.8,48,51,55,0
0.4,2.5,48,51,55,0
1,3.7,48,51,55,0
3.2,1.4,48,51,55,0
1.5,2,48,51,55,0
0.6,0.8,48,51,55,0
0.2,0.4,48,51,55,0
2,0.2,48,51,55,0
1.7,1,48,49,49,1
0.1,1.7,49,52,56,0
1.8,2.1,49,52,56,0
2.4,2,49,52,56,0
2.3,1.7,49,52,56,0
0.7,2.5,49,52,56,0
0.2,1.2,49,52,56,0
3.5,0.6,49,52,56,0
0.7,3.7,49,52,56,0
1.2,2.3,49,50,50,1
0.1,1.2,50,53,57,0
1,0.4,50,53,57,0
2.1,1.1,50,53,57,0
3.7,2.4,50,53,57,0
1.6,3.2,50,53,57,0
2.1,1.5,50,53,57,0
2.1,0.6,50,53,57,0
4,3.2,50,53,57,0
3.5,1.5,50,51,51,1
4,3.5,51,54,58,0
3.5,3.6,51,54,58,0
1.7,2.1,51,54,58,0
1.9,1.6,51,54,58,0
1.4,0.5,51,54,58,0
2.5,2.2,51,54,58,0
1.6,0.8,51,54,58,0
0.1,0.4,51,54,58,0
2.9,1.7,51,52,52,1
1.8,2.5,52,55,59,0
0.7,1.6,52,55,59,0
0.5,2.2,52,55,59,0
0.2,0.4,52,55,59,0
2.9,1.4,52,55,59,0
3.8,3.7,52,55,59,0
0.9,1,52,55,59,0
1.7,1.5,52,55,59,0
2.8,0,52,53,53,1
0.7,3.9,53,56,60,0
2.8,0.8,53,56,60,0
0.7,2.1,53,56,60,0
0.8,0.6,53,56,60,0
3.2,4,53,56,60,0
2,2.9,53,56,60,0
3.1,3.1,53,56,60,0
1.3,2,53,56,60,0
0,3.9,53,54,54,1
2.3,2.3,54,57,61,0
2.3,3.1,54,57,61,0
2.3,3.2,54,57,61,0
3.1,0.7,54,57,61,0
1.5,3.5,54,57,61,0
1.4,3.4,54,57,61,0
2.7,0.3,54,57,61,0
2,3.5,54,57,61,0
0.9,0.5,54,55,55,1
0.9,1.7,55,58,62,0
3.1,3.4,55,58,62,0
3.6,0.4,55,58,62,0
1.2,0.5,55,58,62,0
1.7,2.2,55,58,62,0
2.1,2.3,55,58,62,0
2,0.3,55,58,62,0
0.7,3.7,55,58,62,0
1,0.7,55,56,56,1
0.6,0.2,56,59,63,0
0.3,1.9,56,59,63,0
0,1.7,56,59,63,0
4,0.5,56,59,63,0
3.2,2.2,56,59,63,0
2.9,3.8,56,59,63,0
2.8,0.7,56,59,63,0
1.7,1.1,56,59,63,0
0,3.3,56,57,57,1
3.3,3.7,57,60,64,0
2.1,2,57,60,64,0
2.2,0.1,57,60,64,0
2.4,0.8,57,60,64,0
3.1,2.7,57,60,64,0
3.7,3.2,57,60,64,0
2.8,3.9,57,60,64,0
0,2.8,57,60,64,0
2.9,1.2,57,58,58,1
1.2,2.3,58,61,65,0
2.1,0.3,58,61,65,0
1.7,0.6,58,61,65,0
3.9,3.5,58,61,65,0
1.5,1.2,58,61,65,0
0.1,1.3,58,61,65,0
3.1,1.7,58,61,65,0
2.5,2.1,58,61,65,0
3,1.9,58,59,59,1
1.6,1,59,62,66,0
0.1,2.8,59,62,66,0
1.2,2.7,59,62,66,0
2.9,3,59,62,66,0
2.9,2,59,62,66,0
3.8,1.5,59,62,66,0
0.1,3.7,59,62,66,0
2.7,0,59,62,66,0
0.7,3.1,59,60,60,1
3.3,2.7,60,63,67,0
4,1.9,60,63,67,0
3.5,0.7,60,63,67,0
1.4,0,60,63,67,0
3.8,1.5,60,63,67,0
2.5,0.2,60,63,67,0
2.6,3.7,60,63,67,0
0.1,2.5,60,63,67,0
2.3,3.9,60,61,61,1
3,0.6,61,64,68,0
3.3,0.6,61,64,68,0
0.6,1,61,64,68,0
0.4,3.1,61,64,68,0
2.9,3.5,61,64,68,0
1,2,61,64,68,0
0.8,0,61,64,68,0
4,3.5,61,64,68,0
1.8,0.2,61,62,62,1
0.2,3.9,62,65,69,0
3.8,1.4,62,65,69,0
3.8,0.1,62,65,69,0
2.2,0.7,62,65,69,0
0.2,1.4,62,65,69,0
0.4,1.4,62,65,69,0
2.2,0.1,62,65,69,0
2.6,2.5,62,65,69,0
2.3,0.4,62,63,63,1
0.6,2.7,63,66,70,0
2.6,2.1,63,66,70,0
2.3,0.2,63,66,70,0
2.5,1.4,63,66,70,0
2.4,1.4,63,66,70,0
0.4,2,63,66,70,0
3.8,1.7,63,66,70,0
2.5,4,63,66,70,0
2.4,1.3,63,64,64,1
1,1.2,64,67,71,0
2,3.4,64,67,71,0
1.1,3.8,64,67,71,0
2.5,0.8,64,67,71,0
2.5,1.7,64,67,71,0
3.3,2,64,67,71,0
3,0.5,64,67,71,0
0,2.8,64,67,71,0
2.3,3.1,64,65,65,1
1.1,2.7,65,68,72,0
3.6,0.3,65,68,72,0
0.9,0.8,65,68,72,0
0.8,2.8,65,68,72,0
3.1,2.6,65,68,72,0
0.3,4,65,68,72,0
2.9,0.4,65,68,72,0
3.4,0.8,65,68,72,0
3.4,1,65,66,66,1
2.4,2.5,66,69,73,0
3.6,3.8,66,69,73,0
2.6,3.4,66,69,73,0
3,3,66,69,73,0
2.2,2.8,66,69,73,0
0.5,3.6,66,69,73,0
2.3,3.1,66,69,73,0
2.9,3.9,66,69,73,0
3.1,0.3,66,67,67,1
2.4,1.3,67,70,74,0
3.6,4,67,70,74,0
0,3.2,67,70,74,0
1.3,2.6,67,70,74,0
1.9,0.1,67,70,74,0
1.9,2,67,70,74,0
3.6,3.8,67,70,74,0
1.4,1.2,67,70,74,0
1.1,0.4,67,68,68,1
4,0.4,68,71,75,0
2.3,0.6,68,71,75,0
1.4,2.3,68,71,75,0
0.2,3.9,68,71,75,0
1.1,0,68,71,75,0
2.4,3.3,68,71,75,0
2,0.6,68,71,75,0
4,0.7,68,71,75,0
0,2.4,68,69,69,1
2.7,1.8,69,72,76,0
2,0.1,69,72,76,0
0.5,3.5,69,72,76,0
0,0.6,69,72,76,0
3.7,0.8,69,72,76,0
1.6,3.3,69,72,76,0
4,0,69,72,76,0
0,0,69,72,76,0
3.9,0.9,69,70,70,1
2.4,1.3,70,73,77,0
3.3,0.2,70,73,77,0
2.1,1.6,70,73,77,0
0.4,2.9,70,73,77,0
0.1,0.9,70,73,77,0
2.9,3.2,70,73,77,0
0.8,2.9,70,73,77,0
0.4,0.9,70,73,77,0
0.6,2.7,70,71,71,1
1.5,1.6,71,74,78,0
0.2,0.3,71,74,78,0
3.3,1.6,71,74,78,0
2.4,2.6,71,74,78,0
1.6,1.2,71,74,78,0
1,0.9,71,74,78,0
0.1,1.4,71,74,78,0
1,2.3,71,74,78,0
3.2,2.8,71,72,72,1
0.9,3.6,72,75,79,0
2.2,2.7,72,75,79,0
0.3,3.4,72,75,79,0
1.8,1.4,72,75,79,0
2.2,3.8,72,75,79,0
1.5,1.9,72,75,79,0
1.7,1.1,72,75,79,0
0.9,3.1,72,75,79,0
2.2,3.4,72,73,73,1
2.3,1.5,73,76,80,0
0.8,1.9,73,76,80,0
1.9,3.4,73,76,80,0
0.9,1.3,73,76,80,0
4,3.2,73,76,80,0
4,1.8,73,76,80,0
0.9,2.1,73,76,80,0
0,1.5,73,76,80,0
3.8,3.9,73,74,74,1
3.6,2.7,74,77,81,0
3.3,1.6,74,77,81,0
0.4,3.8,74,77,81,0
1,0.9,74,77,81,0
1.6,0,74,77,81,0
3,1.3,74,77,81,0
4,2,74,77,81,0
0.7,0.6,74,77,81,0
1.9,3.8,74,75,75,1
2.2,2.8,75,78,82,0
1,0.4,75,78,82,0
1.8,1.6,75,78,82,0
3.1,0,75,78,82,0
1.2,1.9,75,78,82,0
3.9,2.9,75,78,82,0
0.4,2.7,75,78,82,0
4,1.7,75,78,82,0
3.9,1.3,75,76,76,1
0.4,3.1,76,79,83,0
2.3,0.5,76,79,83,0
0.9,2.7,76,79,83,0
0.5,2.3,76,79,83,0
2.8,3.4,76,79,83,0
3.4,3.3,76,79,83,0
1.3,0.9,76,79,83,0
1.4,3.1,76,79,83,0
1.4,2.9,76,77,77,1
0.5,2.9,77,80,84,0
2.9,3.9,77,80,84,0
0.7,1.2,77,80,84,0
0,3.4,77,80,84,0
0.6,3.8,77,80,84,0
3.7,0.1,77,80,84,0
4,1.5,77,80,84,0
2.6,1.1,77,80,84,0
0.2,2.1,77,78,78,1
1.9,3.7,78,81,85,0
2.8,1.6,78,81,85,0
2.9,1.8,78,81,85,0
0.8,2.9,78,81,85,0
0.3,1.6,78,81,85,0
1.6,3.7,78,81,85,0
1.9,1.1,78,81,85,0
3.1,1.6,78,81,85,0
3.5,3.8,78,79,79,1
3.4,3.9,79,82,86,0
3.9,1.1,79,82,86,0
3.7,2.4,79,82,86,0
1.6,3.8,79,82,86,0
3.1,1.3,79,82,86,0
1.4,2.3,79,82,86,0
0.3,4,79,82,86,0
0.1,0.3,79,82,86,0
3.7,2.7,79,80,80,1
2,2.4,80,83,87,0
1,3.9,80,83,87,0
3.5,0.5,80,83,87,0
1.5,0,80,83,87,0
3.2,3,80,83,87,0
3.9,1.5,80,83,87,0
2.8,2.5,80,83,87,0
3.8,3.4,80,83,87,0
2.3,3.5,80,81,81,1
3.5,3.3,81,84,88,0
3.7,3.7,81,84,88,0
0.9,3.4,81,84,88,0
0.3,2.9,81,84,88,0
0.7,0.7,81,84,88,0
0.8,0.2,81,84,88,0
1.6,2.5,81,84,88,0
1.4,1.6,81,84,88,0
3.1,0.2,81,82,82,1
3.3,2,82,85,89,0
0.7,1.3,82,85,89,0
0.4,3.3,82,85,89,0
3.2,1.6,82,85,89,0
0.6,3.6,82,85,89,0
2.3,0.1,82,85,89,0
0.5,0.4,82,85,89,0
0.9,3.5,82,85,89,0
0,2.5,82,83,83,1
2.8,0.7,83,86,90,0
0.1,3.5,83,86,90,0
3.5,3.3,83,86,90,0
1.6,2.8,83,86,90,0
1.7,1.5,83,86,90,0
3.6,1.5,83,86,90,0
3.5,0.2,83,86,90,0
2.2,0.4,83,86,90,0
3.3,3.4,83,84,84,1
0.7,0.9,84,87,91,0
0.5,1.6,84,87,91,0
3.1,2.9,84,87,91,0
2.3,2.1,84,87,91,0
2.8,1.5,84,87,91,0
1.1,2.5,84,87,91,0
3.4,3.5,84,87,91,0
2.5,2.8,84,87,91,0
3.1,1.3,84,85,85,1
0.8,2.3,85,88,92,0
2.4,3,85,88,92,0
2,1.6,85,88,92,0
0.2,0.9,85,88,92,0
3,1.5,85,88,92,0
1.7,0.8,85,88,92,0
2.2,1.1,85,88,92,0
2.2,2.3,85,88,92,0
0.1,1.2,85,86,86,1
1.5,3.2,86,89,93,0
1.5,1.4,86,89,93,0
2.9,1.6,86,89,93,0
2.8,0.4,86,89,93,0
3.9,3,86,89,93,0
3.5,2.3,86,89,93,0
2.1,0.8,86,89,93,0
0.9,2.3,86,89,93,0
0.2,1.3,86,87,87,1
3,1.6,87,90,94,0
1.4,3.3,87,90,94,0
3.9,3.6,87,90,94,0
2,1.9,87,90,94,0
1.3,1.8,87,90,94,0
1,1.2,87,90,94,0
0.1,2.7,87,90,94,0
2.9,3.4,87,90,94,0
2.8,0.4,87,88,88,1
1.8,2.1,88,91,95,0
3.9,2.4,88,91,95,0
2.3,2.1,88,91,95,0
0.9,3.8,88,91,95,0
1.8,1.7,88,91,95,0
3.3,0.2,88,91,95,0
0.1,2,88,91,95,0
3.3,3.8,88,91,95,0
1.6,3.5,88,89,89,1
2.1,1.8,89,92,96,0
3.8,2.6,89,92,96,0
2.7,3.2,89,92,96,0
2.5,3.5,89,92,96,0
3.1,2.9,89,92,96,0
2.4,0.7,89,92,96,0
2.9,0.9,89,92,96,0
3.3,2.4,89,92,96,0
0.7,2.5,89,90,90,1
3.7,0,90,93,97,0
1.7,1.3,90,93,97,0
1.7,0.2,90,93,97,0
2.1,0.7,90,93,97,0
2,1,90,93,97,0
3.4,2.4,90,93,97,0
2,3.3,90,93,97,0
1.1,1.9,90,93,97,0
0.4,2.8,90,91,91,1
1.1,1,91,94,98,0
3.7,1.2,91,94,98,0
3.2,0.3,91,94,98,0
1.8,2,91,94,98,0
3.4,1.3,91,94,98,0
3.1,2.2,91,94,98,0
0.2,3,91,94,98,0
0.8,1.9,91,94,98,0
1.5,0.3,91,92,92,1
1.6,3,92,95,99,0
3,1,92,95,99,0
3.2,3,92,95,99,0
3.1,2.1,92,95,99,0
1.4,2.5,92,95,99,0
2.3,3.2,92,95,99,0
0.9,2.7,92,95,99,0
0.7,2,92,95,99,0
1.6,2.9,92,93,93,1
2,1.8,93,96,100,0
3.3,3.9,93,96,100,0
0,1.1,93,96,100,0
0.6,3.5,93,96,100,0
2.1,1.4,93,96,100,0
0.8,3.7,93,96,100,0
3.8,4,93,96,100,0
1.1,1.7,93,96,100,0
3.4,2.2,93,94,94,1
0.6,2.7,94,97,101,0
2.3,2.5,94,97,101,0
0.7,3,94,97,101,0
2.5,1.5,94,97,101,0
3.2,2.2,94,97,101,0
2.6,2.9,94,97,101,0
2.8,3.6,94,97,101,0
2.1,1.4,94,97,101,0
1.8,2.1,94,95,95,1
3,2.6,95,98,102,0
0.4,0.7,95,98,102,0
1.5,0.5,95,98,102,0
0.3,0.7,95,98,102,0
1.4,1,95,98,102,0
1.6,2.4,95,98,102,0
3.3,0.2,95,98,102,0
1.8,2.6,95,98,102,0
3.4,2.8,95,96,96,1
3.9,0.4,96,99,103,0
1.7,2.2,96,99,103,0
0.9,2.6,96,99,103,0
1.9,0.3,96,99,103,0
3.6,3.2,96,99,103,0
1.7,0.5,96,99,103,0
0.9,1.1,96,99,103,0
1,0.4,96,99,103,0
4,0.1,96,97,97,1
0.6,1.4,97,100,104,0
3.9,1.1,97,100,104,0
2.5,0.9,97,100,104,0
3.2,0.1,97,100,104,0
3.6,3.8,97,100,104,0
2.8,3.2,97,100,104,0
0,2.7,97,100,104,0
2.9,3,97,100,104,0
0.1,1.5,97,98,98,1
0.4,0.4,98,101,105,0
0.2,4,98,101,105,0
0.2,1.7,98,101,105,0
0.2,2.4,98,101,105,0
2,3.5,98,101,105,0
2,1.3,98,101,105,0
2.2,3.5,98,101,105,0
3.8,1.2,98,101,105,0
3.5,3.3,98,99,99,1
0.6,0.7,99,102,106,0
0.1,0.6,99,102,106,0
1.2,2.6,99,102,106,0
3.4,0.1,99,102,106,0
1.8,0.2,99,102,106,0
2.8,3.5,99,102,106,0
2.2,1.6,99,102,106,0
2,0.3,99,102,106,0
0.1,3.7,99,100,100,1
2.9,1.3,100,103,107,0
3.2,3.4,100,103,107,0
0.3,1.3,100,103,107,0
3,0.3,100,103,107,0
3.3,3,100,103,107,0
1.8,3.9,100,103,107,0
0.2,1.3,100,103,107,0
4,3.5,100,103,107,0
0.6,1.5,100,101,101,1
1.4,0.4,101,104,108,0
3.8,1.9,101,104,108,0
1,2.5,101,104,108,0
1,2.7,101,104,108,0
4,3.1,101,104,108,0
3.1,2.8,101,104,108,0
1.2,2.9,101,104,108,0
0,2.9,101,104,108,0
2.2,3.4,101,102,102,1
0,3.6,102,105,109,0
1.8,3.2,102,105,109,0
1.3,2.4,102,105,109,0
3.4,0.5,102,105,109,0
3.7,3.7,102,105,109,0
0.4,2.9,102,105,109,0
0.1,0.4,102,105,109,0
2.8,1.6,102,105,109,0
0,0.6,102,103,103,1
3.5,3.4,103,106,110,0
1.3,1.3,103,106,110,0
0.2,0.9,103,106,110,0
3.1,3.2,103,106,110,0
3,2.9,103,106,110,0
0.7,0.7,103,106,110,0
0.5,2.4,103,106,110,0
2.7,2.9,103,106,110,0
3.8,0.2,103,104,104,1
1.4,3,104,107,111,0
3,1.3,104,107,111,0
1.1,0.2,104,107,111,0
2.5,1,104,107,111,0
3.7,3.2,104,107,111,0
1.7,0.5,104,107,111,0
2.7,0.3,104,107,111,0
0.4,3.6,104,107,111,0
4,2.4,104,105,105,1
1.8,2.1,105,108,112,0
1.2,2.8,105,108,112,0
1.4,2.8,105,108,112,0
1.8,1.3,105,108,112,0
1.6,0,105,108,112,0
3.2,4,105,108,112,0
1.2,3.9,105,108,112,0
1.5,3,105,108,112,0
3.4,3.8,105,106,106,1
3.5,1.3,106,109,113,0
1.5,0.7,106,109,113,0
0.1,1.3,106,109,113,0
1.8,3,106,109,113,0
3.7,1.4,106,109,113,0
1.5,3.2,106,109,113,0
3.5,1.2,106,109,113,0
3.5,0.3,106,109,113,0
2.7,0.3,106,107,107,1
1.7,1.6,107,110,114,0
1.6,0.7,107,110,114,0
2.2,2.7,107,110,114,0
1.9,2.8,107,110,114,0
3,0.9,107,110,114,0
2.3,1.5,107,110,114,0
3.5,3.6,107,110,114,0
1,3.3,107,110,114,0
0.5,0.8,107,108,108,1
2.9,0.2,108,111,115,0
0.4,3,108,111,115,0
0.2,0.1,108,111,115,0
3.6,3,108,111,115,0
2.2,4,108,111,115,0
1.5,1.8,108,111,115,0
3.8,3.8,108,111,115,0
3.2,2.8,108,111,115,0
2,1.6,108,109,109,1
1.8,3.3,109,112,116,0
3.8,3.9,109,112,116,0
2.6,1.2,109,112,116,0
3.6,2.9,109,112,116,0
0.9,1,109,112,116,0
1,2.1,109,112,116,0
0.8,0.6,109,112,116,0
1.3,1.8,109,112,116,0
0.7,3.3,109,110,110,1
2,0.6,110,113,117,0
2.6,0.8,110,113,117,0
2.6,2.4,110,113,117,0
1.3,2.3,110,113,117,0
1.7,1.4,110,113,117,0
3,0,110,113,117,0
3.9,0.3,110,113,117,0
2.1,0.1,110,113,117,0
1.6,3.3,110,111,111,1
2.8,1,111,114,118,0
3.8,0.1,111,114,118,0
3.7,3.9,111,114,118,0
2.3,3.9,111,114,118,0
2.3,3.4,111,114,118,0
0.4,2.7,111,114,118,0
2.8,1.9,111,114,118,0
0.6,1.7,111,114,118,0
3.1,3.9,111,112,112,1
2.6,3,112,115,119,0
3.4,2.8,112,115,119,0
1.3,0.9,112,115,119,0
0.6,3.8,112,115,119,0
1.4,3.1,112,115,119,0
1,3.7,112,115,119,0
3.9,0.9,112,115,119,0
0.5,1.3,112,115,119,0
0.2,2.5,112,113,113,1
1.6,2.4,113,116,120,0
4,0.5,113,116,120,0
0.6,0,113,116,120,0
1.2,2.7,113,116,120,0
4,1.2,113,116,120,0
1.4,1.5,113,116,120,0
2.3,0.5,113,116,120,0
3.9,0.3,113,116,120,0
0.3,2.8,113,114,114,1
2.5,0.3,114,117,121,0
2,3.1,114,117,121,0
2.6,3.6,114,117,121,0
0.4,0.6,114,117,121,0
0.7,1.9,114,117,121,0
0.9,1.6,114,117,121,0
2.3,2.8,114,117,121,0
1.3,2.9,114,117,121,0
3.9,2.3,114,115,115,1
1.3,0.4,115,118,122,0
3.7,3,115,118,122,0
2.2,2.3,115,118,122,0
3.1,2.3,115,118,122,0
3,2.1,115,118,122,0
3.4,2.3,115,118,122,0
0.9,1.7,115,118,122,0
0.2,3.6,115,118,122,0
1.5,3.7,115,116,116,1
1.5,0.5,116,119,123,0
3.6,3.8,116,119,123,0
0.6,3.4,116,119,123,0
1.8,0.5,116,119,123,0
0.3,3.4,116,119,123,0
3.1,2.4,116,119,123,0
3,0.2,116,119,123,0
3.7,3.8,116,119,123,0
2.9,2.6,116,117,117,1
3.1,1.8,117,120,124,0
3.8,2.2,117,120,124,0
2.2,2.9,117,120,124,0
2.7,3.8,117,120,124,0
2.8,2.1,117,120,124,0
0.3,3.3,117,120,124,0
2.6,1.9,117,120,124,0
0.9,2.5,117,120,124,0
2.2,3.4,117,118,118,1
1.5,3.2,118,121,125,0
1.2,1.3,118,121,125,0
3.1,0.3,118,121,125,0
0.8,1.8,118,121,125,0
2.6,2.6,118,121,125,0
2.6,3,118,121,125,0
2.4,3.2,118,121,125,0
3.6,0.9,118,121,125,0
2.6,3.5,118,119,119,1
2.7,2.7,119,122,126,0
2.1,0.8,119,122,126,0
2.3,2.6,119,122,126,0
3.5,1.9,119,122,126,0
0.6,2.8,119,122,126,0
0.1,3.7,119,122,126,0
1,3.8,119,122,126,0
0.8,2.9,119,122,126,0
4,1.4,119,120,120,1
3.3,1.1,120,123,127,0
2.9,2,120,123,127,0
0.7,4,120,123,127,0
4,3.8,120,123,127,0
3.5,1,120,123,127,0
1.8,3.5,120,123,127,0
0.4,0.4,120,123,127,0
2.2,3.9,120,123,127,0
1.9,3.5,120,121,121,1
1.7,2.2,121,124,128,0
0.2,0.7,121,124,128,0
1.3,2.8,121,124,128,0
2.4,3.5,121,124,128,0
0.7,3.9,121,124,128,0
1.9,4,121,124,128,0
2.9,3.9,121,124,128,0
3.7,1.2,121,124,128,0
2.1,1.4,121,122,122,1
0.4,1.2,122,125,129,0
3.8,1.7,122,125,129,0
3,3.1,122,125,129,0
1.6,3.3,122,125,129,0
1.3,3.3,122,125,129,0
4,4,122,125,129,0
2.6,0.7,122,125,129,0
1.2,3.3,122,125,129,0
3,0.1,122,123,123,1
0.4,0.5,123,126,130,0
2.7,0.5,123,126,130,0
3.7,0.1,123,126,130,0
2.6,2,123,126,130,0
3.3,2.9,123,126,130,0
2,0.1,123,126,130,0
0.3,3.5,123,126,130,0
2.7,3.4,123,126,130,0
3.5,1.7,123,124,124,1
0.5,0.4,124,127,131,0
0.6,2.5,124,127,131,0
0.4,1.3,124,127,131,0
2.3,1.2,124,127,131,0
1.9,2.4,124,127,131,0
0.7,3.3,124,127,131,0
0.1,1.7,124,127,131,0
2.4,3.9,124,127,131,0
0.7,0.1,124,125,125,1
2.6,2.6,125,128,132,0
3.6,3.4,125,128,132,0
3.9,3.1,125,128,132,0
0.7,1.1,125,128,132,0
2.8,2.5,125,128,132,0
2.4,2.7,125,128,132,0
3.6,2,125,128,132,0
3.9,1.9,125,128,132,0
0,1,125,126,126,1
0,3.7,126,129,133,0
1.6,0,126,129,133,0
0.7,2.1,126,129,133,0
2.9,0,126,129,133,0
3.2,1.4,126,129,133,0
0.2,3.5,126,129,133,0
2.1,1.2,126,129,133,0
3.7,2.5,126,129,133,0
2.3,1.1,126,127,127,1
2.6,2.5,127,130,134,0
1.8,1.1,127,130,134,0
2.7,0.4,127,130,134,0
0.9,0.4,127,130,134,0
0.2,0.6,127,130,134,0
1.4,2.5,127,130,134,0
1.5,0.3,127,130,134,0
0.7,1.6,127,130,134,0
1.6,2.3,127,128,128,1
3.4,2.6,128,131,135,0
1.2,2,128,131,135,0
2.1,3,128,131,135,0
2.5,0,128,131,135,0
0.2,0.8,128,131,135,0
2.3,1.3,128,131,135,0
2.4,1.7,128,131,135,0
1.6,3.9,128,131,135,0
3,3.7,128,129,129,1
1.2,0.3,129,132,136,0
2,3.5,129,132,136,0
3.7,0.7,129,132,136,0
3.2,2.9,129,132,136,0
2.4,2.2,129,132,136,0
1.6,0.4,129,132,136,0
0,0,129,132,136,0
3.9,3.1,129,132,136,0
2.3,2.3,129,130,130,1
0.9,0.4,130,133,137,0
0.3,1,130,133,137,0
3.2,1.7,130,133,137,0
3,2.5,130,133,137,0
2.5,1.8,130,133,137,0
0.5,2.3,130,133,137,0
3.9,2.5,130,133,137,0
0.2,0.8,130,133,137,0
3.7,3.9,130,131,131,1
3,2.9,131,134,138,0
3.2,3.8,131,134,138,0
1.8,2.3,131,134,138,0
0.1,1.5,131,134,138,0
1.5,3.2,131,134,138,0
0.7,2.5,131,134,138,0
0.7,2.6,131,134,138,0
2.3,0.8,131,134,138,0
3.9,0.9,131,132,132,1
3.2,4,132,135,139,0
3.5,2,132,135,139,0
2.8,1.7,132,135,139,0
0.5,4,132,135,139,0
2.4,1.4,132,135,139,0
1.2,1.4,132,135,139,0
3,1.5,132,135,139,0
0.4,2.8,132,135,139,0
1.4,3.7,132,133,133,1
3.3,0.1,133,136,140,0
2.5,3.1,133,136,140,0
1.2,3.6,133,136,140,0
3.6,2.1,133,136,140,0
2.5,3.8,133,136,140,0
3.4,2,133,136,140,0
3.4,1.4,133,136,140,0
1.4,4,133,136,140,0
1.8,1.9,133,134,134,1
0.8,3.4,134,137,141,0
1.6,0.8,134,137,141,0
0.3,2.3,134,137,141,0
2.9,4,134,137,141,0
1.1,0.4,134,137,141,0
1.8,1.1,134,137,141,0
2.8,0.5,134,137,141,0
2.4,1.2,134,137,141,0
1.8,1.9,134,135,135,1
0.7,3.3,135,138,142,0
1.4,1.6,135,138,142,0
0.9,0.3,135,138,142,0
0.2,1.6,135,138,142,0
0.8,1.6,135,138,142,0
2.2,1.5,135,138,142,0
3,1.7,135,138,142,0
3.8,0.6,135,138,142,0
3.4,3.6,135,136,136,1
4,0.8,136,139,143,0
0,3.9,136,139,143,0
2.9,1.5,136,139,143,0
0.1,0.9,136,139,143,0
0.7,2.6,136,139,143,0
0.7,0.6,136,139,143,0
3.9,2.4,136,139,143,0
2.2,0.1,136,139,143,0
0.2,3.8,136,137,137,1
2.1,0.9,137,140,144,0
1.4,2.4,137,140,144,0
3.6,0.5,137,140,144,0
3.5,1,137,140,144,0
0.1,2.4,137,140,144,0
0.8,1.6,137,140,144,0
0.5,3.3,137,140,144,0
0.9,2.8,137,140,144,0
4,2,137,138,138,1
4,2.6,138,141,145,0
3.3,0.3,138,141,145,0
3,0.3,138,141,145,0
3.8,1.2,138,141,145,0
0.5,0.2,138,141,145,0
3.9,2.6,138,141,145,0
0.3,2.2,138,141,145,0
1.3,1.7,138,141,145,0
3,2.5,138,139,139,1
2.5,0.5,139,142,146,0
0,2.5,139,142,146,0
1.7,1,139,142,146,0
0.6,1.4,139,142,146,0
3.9,3.5,139,142,146,0
1.4,3.1,139,142,146,0
3.5,3.4,139,142,146,0
0,0,139,142,146,0
0,1.5,139,140,140,1
2.1,0.2,140,143,147,0
2.4,0.2,140,143,147,0
3.3,0.6,140,143,147,0
3.1,1.5,140,143,147,0
0.5,0.3,140,143,147,0
2.9,3.4,140,143,147,0
0.9,2.8,140,143,147,0
1.5,1.7,140,143,147,0
3,3.3,140,141,141,1
2.8,0,141,144,148,0
3.5,0.8,141,144,148,0
2,1.1,141,144,148,0
4,3,141,144,148,0
1.5,2.5,141,144,148,0
1.6,3,141,144,148,0
3.6,1.5,141,144,148,0
3.5,0.3,141,144,148,0
3.5,0.1,141,142,142,1
1.2,3,142,145,149,0
0.3,1.7,142,145,149,0
0.1,0.9,142,145,149,0
1.7,3.8,142,145,149,0
1.4,0,142,145,149,0
1.1,2.6,142,145,149,0
1.2,1.2,142,145,149,0
3.8,2.2,142,145,149,0
1.4,2.3,142,143,143,1
2.1,1.1,143,146,150,0
3.5,1.2,143,146,150,0
4,2.6,143,146,150,0
0.1,2.1,143,146,150,0
0.9,3.6,143,146,150,0
0,0.3,143,146,150,0
1.3,1.6,143,146,150,0
3.2,1.5,143,146,150,0
2.7,2.5,143,144,144,1
0.8,3.4,144,147,151,0
2.1,2.7,144,147,151,0
3.6,0.9,144,147,151,0
1.8,1.2,144,147,151,0
0.5,0.8,144,147,151,0
0.4,1.8,144,147,151,0
3.4,2.9,144,147,151,0
3,1.1,144,147,151,0
0,1,144,145,145,1
1.7,1.2,145,148,152,0
1.7,2.2,145,148,152,0
0.2,1.4,145,148,152,0
3.7,2.1,145,148,152,0
0,3.9,145,148,152,0
0.7,3.1,145,148,152,0
1,3.5,145,148,152,0
0.2,3.1,145,148,152,0
1.5,1.9,145,146,146,1
3.2,2.3,146,149,153,0
1.7,3.7,146,149,153,0
1.2,2.2,146,149,153,0
1.1,1.2,146,149,153,0
0.9,1.1,146,149,153,0
2.3,3.5,146,149,153,0
1.4,0.3,146,149,153,0
0.3,2.1,146,149,153,0
0.6,2.8,146,147,147,1
2.8,0.3,147,150,154,0
2.1,2.3,147,150,154,0
0.5,0,147,150,154,0
4,2.8,147,150,154,0
4,0.1,147,150,154,0
0.4,2.2,147,150,154,0
3.9,2.1,147,150,154,0
3,2.6,147,150,154,0
1.9,2.7,147,148,148,1
2.1,3.7,148,151,155,0
3,2.6,148,151,155,0
2.8,0.1,148,151,155,0
3.4,3,148,151,155,0
1.7,0.4,148,151,155,0
3.1,2.2,148,151,155,0
0.1,0.2,148,151,155,0
2.9,3.5,148,151,155,0
2.4,2.6,148,149,149,1
3.6,2.8,149,152,156,0
0.4,0.9,149,152,156,0
4,2.3,149,152,156,0
3.8,1.2,149,152,156,0
1.5,1.7,149,152,156,0
1.3,2,149,152,156,0
2.9,2.4,149,152,156,0
0,2.8,149,152,156,0
0.6,1.1,149,150,150,1
2.2,2.6,150,153,157,0
2.3,1.9,150,153,157,0
4,1,150,153,157,0
3.5,0.7,150,153,157,0
1.3,2.6,150,153,157,0
2.8,1.9,150,153,157,0
3,1.2,150,153,157,0
3.1,2.5,150,153,157,0
3.1,2.9,150,151,151,1
2.2,4,151,154,158,0
2.3,2.3,151,154,158,0
0.3,2.1,151,154,158,0
0.6,0,151,154,158,0
0.3,1,151,154,158,0
2.3,3,151,154,158,0
1,1,151,154,158,0
2.2,1.1,151,154,158,0
0.3,2.8,151,152,152,1
1.4,0.6,152,155,159,0
2.4,0.6,152,155,159,0
0.2,2.6,152,155,159,0
3.6,0.9,152,155,159,0
0.6,1,152,155,159,0
1.5,2.6,152,155,159,0
3.8,1.2,152,155,159,0
3.7,3.9,152,155,159,0
2.3,1.7,152,153,153,1
2.8,2.2,153,156,160,0
2.3,3.4,153,156,160,0
2.3,0.4,153,156,160,0
3.2,0.3,153,156,160,0
3,3.6,153,156,160,0
1.1,1.9,153,156,160,0
0.4,4,153,156,160,0
0,0.2,153,156,160,0
1.6,0.8,153,154,154,1
3.4,3.7,154,157,161,0
1.9,0.4,154,157,161,0
0.1,2.1,154,157,161,0
1.5,1.1,154,157,161,0
0.4,3.7,154,157,161,0
1.3,3.6,154,157,161,0
1,0,154,157,161,0
0.2,3.1,154,157,161,0
3.6,1.3,154,155,155,1
0.4,1,155,158,162,0
0.2,0.4,155,158,162,0
3,0.6,155,158,162,0
1.2,1.1,155,158,162,0
2.8,3.1,155,158,162,0
1.5,3.2,155,158,162,0
1.3,3.5,155,158,162,0
2.1,3.6,155,158,162,0
1.5,1.8,155,156,156,1
1.4,1,156,159,163,0
0.7,3.5,156,159,163,0
0.8,3.8,156,159,163,0
2.3,1.1,156,159,163,0
1.9,3.7,156,159,163,0
0.3,1,156,159,163,0
1.9,1.3,156,159,163,0
3.5,1.6,156,159,163,0
3.1,1.4,156,157,157,1
3.9,2.6,157,160,164,0
0.8,3.6,157,160,164,0
3.2,1.4,157,160,164,0
3.1,2.8,157,160,164,0
3.7,1.1,157,160,164,0
0,0.8,157,160,164,0
0,2.1,157,160,164,0
1.2,1.5,157,160,164,0
3.5,2.1,157,158,158,1
2.5,0.8,158,161,165,0
1,0.2,158,161,165,0
3,1.1,158,161,165,0
2.7,0,158,161,165,0
1.7,3.4,158,161,165,0
0.2,0.7,158,161,165,0
3.9,4,158,161,165,0
1.4,2.8,158,161,165,0
0.1,1.5,158,159,159,1
1.5,2.2,159,162,166,0
2.3,2.9,159,162,166,0
2.2,2.6,159,162,166,0
3.9,1,159,162,166,0
3.4,2.5,159,162,166,0
2.1,1.9,159,162,166,0
3.7,2,159,162,166,0
2.8,2.3,159,162,166,0
3.3,0.5,159,160,160,1
2.4,1.6,160,163,167,0
1.1,3.3,160,163,167,0
3.5,1.7,160,163,167,0
3.8,1.6,160,163,167,0
4,1,160,163,167,0
2.7,0.5,160,163,167,0
2.9,1.5,160,163,167,0
3.8,3.3,160,163,167,0
1.8,2.4,160,161,161,1
3.5,0.6,161,164,168,0
0.4,2.6,161,164,168,0
4,0.5,161,164,168,0
1,4,161,164,168,0
3.3,0.2,161,164,168,0
2.5,3.5,161,164,168,0
3,2.4,161,164,168,0
2.7,0,161,164,168,0
1.9,1.6,161,162,162,1
1.2,1.3,162,165,169,0
1.8,0.4,162,165,169,0
1.5,3.2,162,165,169,0
0.6,3.2,162,165,169,0
1.9,0,162,165,169,0
0.1,1.3,162,165,169,0
3.1,0.1,162,165,169,0
2.6,0.2,162,165,169,0
4,1.3,162,163,163,1
2.1,0,163,166,170,0
1.1,4,163,166,170,0
2.2,3,163,166,170,0
2.8,0.6,163,166,170,0
1,0.9,163,166,170,0
3.6,3.7,163,166,170,0
1.9,0.1,163,166,170,0
1.3,1.9,163,166,170,0
2.1,2.7,163,164,164,1
0.1,0.6,164,167,171,0
2.7,1.9,164,167,171,0
2.2,2.2,164,167,171,0
2.7,0,164,167,171,0
3.8,3.1,164,167,171,0
1.7,0.2,164,167,171,0
1.7,2.3,164,167,171,0
2.1,1.3,164,167,171,0
3.7,1,164,165,165,1
2.4,3.8,165,168,172,0
0,3.9,165,168,172,0
3.4,0,165,168,172,0
1.2,2.1,165,168,172,0
0,1.2,165,168,172,0
2.2,3.5,165,168,172,0
0.7,1.4,165,168,172,0
3.1,0.3,165,168,172,0
0.5,3.9,165,166,166,1
2,2.5,166,169,173,0
0.3,0,166,169,173,0
3.7,4,166,169,173,0
1.1,3,166,169,173,0
3,1.8,166,169,173,0
0.6,2.4,166,169,173,0
2.4,1.7,166,169,173,0
3.6,1.9,166,169,173,0
0.6,2.4,166,167,167,1
3.8,1.1,167,170,174,0
2.1,1,167,170,174,0
3.1,0.8,167,170,174,0
1.7,0.1,167,170,174,0
2.6,1.4,167,170,174,0
0.6,0.7,167,170,174,0
3.8,2.9,167,170,174,0
1.6,3.6,167,170,174,0
0.9,0.1,167,168,168,1
1.8,2.7,168,171,175,0
1.4,3.1,168,171,175,0
0.3,2.7,168,171,175,0
1.1,0.1,168,171,175,0
0.8,3.6,168,171,175,0
2.7,1.1,168,171,175,0
2.2,1.6,168,171,175,0
0.4,1.7,168,171,175,0
1,1.5,168,169,169,1
3.8,1.1,169,172,176,0
1.5,1.4,169,172,176,0
3.2,1.5,169,172,176,0
0.4,0.2,169,172,176,0
2.4,3.9,169,172,176,0
2.2,1,169,172,176,0
1.7,2.2,169,172,176,0
2.4,3.9,169,172,176,0
1.7,2,169,170,170,1
3.1,2,170,173,177,0
1,2.3,170,173,177,0
0.8,3.7,170,173,177,0
0.2,3.9,170,173,177,0
3,1.9,170,173,177,0
0.9,0,170,173,177,0
1.4,2.1,170,173,177,0
4,2.6,170,173,177,0
3.3,2.7,170,171,171,1
0,0.5,171,174,178,0
1.3,0.6,171,174,178,0
1.6,3.5,171,174,178,0
2.7,0.6,171,174,178,0
2.2,2.4,171,174,178,0
2.5,3.1,171,174,178,0
0,4,171,174,178,0
3.3,0.3,171,174,178,0
2,2.4,171,172,172,1
3.4,1.3,172,175,179,0
0.9,3.8,172,175,179,0
0.6,3.2,172,175,179,0
2.3,2,172,175,179,0
3.4,1.1,172,175,179,0
2.3,3.9,172,175,179,0
3.2,1.5,172,175,179,0
2.3,1.2,172,175,179,0
1.7,1.1,172,173,173,1
1.9,3.1,173,176,180,0
2.6,3.1,173,176,180,0
2.4,1.5,173,176,180,0
4,1.8,173,176,180,0
2,0,173,176,180,0
3.8,2.1,173,176,180,0
0.4,0.2,173,176,180,0
1.8,0.1,173,176,180,0
4,2.7,173,174,174,1
1.7,1.6,174,177,181,0
1,3.9,174,177,181,0
0.7,1.6,174,177,181,0
1.4,1.3,174,177,181,0
1.2,2.4,174,177,181,0
1.2,2.3,174,177,181,0
1.9,3.5,174,177,181,0
2.8,2.4,174,177,181,0
4,3.3,174,175,175,1
0.7,2.8,175,178,182,0
0.1,1.1,175,178,182,0
3.6,3.1,175,178,182,0
2.7,0.9,175,178,182,0
1.9,3.7,175,178,182,0
2.4,3.8,175,178,182,0
4,1.3,175,178,182,0
3.1,3.4,175,178,182,0
0.4,1,175,176,176,1
1,0.8,176,179,183,0
1.7,3.1,176,179,183,0
2.6,0.8,176,179,183,0
2.9,0.9,176,179,183,0
3.8,3.4,176,179,183,0
0,2.8,176,179,183,0
1.9,3.7,176,179,183,0
1.9,0.8,176,179,183,0
3,0.9,176,177,177,1
1.7,3.7,177,180,184,0
2.8,0.3,177,180,184,0
2.4,3.3,177,180,184,0
4,1.7,177,180,184,0
3.9,0.3,177,180,184,0
0,0.1,177,180,184,0
2.9,0.7,177,180,184,0
3.7,3,177,180,184,0
1,2.9,177,178,178,1
0.8,0.1,178,181,185,0
1.5,0.9,178,181,185,0
2.6,3,178,181,185,0
1.7,0.6,178,181,185,0
0,1.8,178,181,185,0
1.7,2.4,178,181,185,0
2.5,0.3,178,181,185,0
2.4,3.4,178,181,185,0
2.9,3.3,178,179,179,1
0.5,3.2,179,182,186,0
3.1,4,179,182,186,0
3.2,1.1,179,182,186,0
2.6,1.5,179,182,186,0
0.6,0.3,179,182,186,0
0.6,2.5,179,182,186,0
3.9,1.8,179,182,186,0
1.6,1.3,179,182,186,0
2.8,2.7,179,180,180,1
0.3,3.8,180,183,187,0
1,1.4,180,183,187,0
2.2,1.6,180,183,187,0
2.9,3.2,180,183,187,0
1.5,1.9,180,183,187,0
1.2,0.1,180,183,187,0
2.1,0.3,180,183,187,0
4,3.2,180,183,187,0
2.1,2,180,181,181,1
2.2,1.8,181,184,188,0
0.2,3.3,181,184,188,0
3.4,2.9,181,184,188,0
0,0.4,181,184,188,0
2.1,2.4,181,184,188,0
1.6,3.2,181,184,188,0
3.7,1,181,184,188,0
0,2.6,181,184,188,0
2.9,3.5,181,182,182,1
1.4,4,182,185,189,0
0.2,3.2,182,185,189,0
1.5,3.1,182,185,189,0
3.4,2.1,182,185,189,0
2.7,3,182,185,189,0
2.8,0.8,182,185,189,0
2.7,2.8,182,185,189,0
2.6,3.8,182,185,189,0
1.5,1,182,183,183,1
2.4,2.4,183,186,190,0
2,3.8,183,186,190,0
1.2,2.6,183,186,190,0
3.8,2.2,183,186,190,0
0.1,3,183,186,190,0
1,1,183,186,190,0
0.6,3.4,183,186,190,0
4,1.8,183,186,190,0
2.2,3.1,183,184,184,1
2.3,1.2,184,187,191,0
2.3,0.1,184,187,191,0
1.3,3.1,184,187,191,0
3.6,1.5,184,187,191,0
2.4,2.4,184,187,191,0
3.5,4,184,187,191,0
3.5,3.1,184,187,191,0
0.9,1.2,184,187,191,0
0.5,1.1,184,185,185,1
2.8,2.8,185,188,192,0
2.3,2,185,188,192,0
3.1,2.3,185,188,192,0
2,4,185,188,192,0
1.5,0.3,185,188,192,0
2.1,1.8,185,188,192,0
3.5,0,185,188,192,0
3.4,2,185,188,192,0
0.3,0,185,186,186,1
0.5,3.2,186,189,193,0
2.9,3.8,186,189,193,0
3.5,3.4,186,189,193,0
3.1,1.4,186,189,193,0
2.2,1.3,186,189,193,0
3.8,2.1,186,189,193,0
2.7,1,186,189,193,0
3.9,2.8,186,189,193,0
0.5,2,186,187,187,1
3.5,2.8,187,190,194,0
1,3.2,187,190,194,0
3.4,4,187,190,194,0
0.5,2.8,187,190,194,0
0,3.1,187,190,194,0
2.6,0.3,187,190,194,0
2,3.9,187,190,194,0
1.4,1.8,187,190,194,0
2.5,1.2,187,188,188,1
3.8,3.6,188,191,195,0
3.7,4,188,191,195,0
3.9,2.8,188,191,195,0
1.6,2.9,188,191,195,0
1.8,1,188,191,195,0
2.7,2.1,188,191,195,0
3,2.7,188,191,195,0
0.4,1.8,188,191,195,0
3.6,1.9,188,189,189,1
0.7,3.1,189,192,196,0
2.1,2.9,189,192,196,0
1.1,1.2,189,192,196,0
1.2,0.6,189,192,196,0
1.7,3.7,189,192,196,0
3.4,0.1,189,192,196,0
1.9,0.1,189,192,196,0
1.8,3.3,189,192,196,0
2.3,3.4,189,190,190,1
3.5,1.4,190,193,197,0
0,0.4,190,193,197,0
1.4,1.3,190,193,197,0
4,3.2,190,193,197,0
0.1,1.1,190,193,197,0
1.4,0,190,193,197,0
1.6,2.3,190,193,197,0
1.7,3.6,190,193,197,0
2.3,3,190,191,191,1
1.1,1.1,191,194,198,0
0.5,2.8,191,194,198,0
1.8,2,191,194,198,0
1.5,1,191,194,198,0
3.2,2,191,194,198,0
1,3.9,191,194,198,0
2,3.8,191,194,198,0
0.4,3.6,191,194,198,0
0.7,1.1,191,192,192,1
0.4,0.4,192,195,199,0
1.2,2.7,192,195,199,0
3.2,3,192,195,199,0
1.1,1.6,192,195,199,0
4,0.4,192,195,199,0
3.9,1.4,192,195,199,0
3.6,1.4,192,195,199,0
0.8,1.2,192,195,199,0
0,1.4,192,193,193,1
2.3,0.8,193,196,200,0
3,1.9,193,196,200,0
1.3,1.3,193,196,200,0
0.2,0.3,193,196,200,0
3.8,1.7,193,196,200,0
0.3,0,193,196,200,0
0.6,1.3,193,196,200,0
1.9,0,193,196,200,0
1.3,0.7,193,194,194,1
0.4,1.9,194,197,201,0
2.1,2.9,194,197,201,0
1,3.6,194,197,201,0
2,1.3,194,197,201,0
3.1,0.5,194,197,201,0
1,3.4,194,197,201,0
3.1,0.8,194,197,201,0
3.8,0.4,194,197,201,0
3.2,0.2,194,195,195,1
0.5,3.4,195,198,202,0
3.8,2.5,195,198,202,0
2,0.4,195,198,202,0
2.8,3.6,195,198,202,0
1.8,3.6,195,198,202,0
2.2,2,195,198,202,0
2.7,3.3,195,198,202,0
1.3,2,195,198,202,0
2.7,1.6,195,196,196,1
3.1,4,196,199,203,0
2.5,2.7,196,199,203,0
0.2,0.6,196,199,203,0
0.3,2.3,196,199,203,0
3.4,1.8,196,199,203,0
2,0.6,196,199,203,0
0.5,1.9,196,199,203,0
2.4,2.2,196,199,203,0
3.7,3.5,196,197,197,1
2.4,0.8,197,200,204,0
1.6,1.1,197,200,204,0
4,0.2,197,200,204,0
1.7,1.5,197,200,204,0
3,1.5,197,200,204,0
2.8,1.7,197,200,204,0
1.2,3.2,197,200,204,0
0.6,2.9,197,200,204,0
3.5,0.4,197,198,198,1
1,3.9,198,201,205,0
2.6,3.1,198,201,205,0
1.6,3.2,198,201,205,0
3.1,2.2,198,201,205,0
2.4,1.3,198,201,205,0
2.3,1.8,198,201,205,0
1.5,1.8,198,201,205,0
3.3,2.2,198,201,205,0
3.6,3.2,198,199,199,1
0.6,3.7,199,202,206,0
2.1,0.9,199,202,206,0
3.1,3.1,199,202,206,0
1.6,2.8,199,202,206,0
3.7,0.6,199,202,206,0
0.1,0.8,199,202,206,0
2.1,0.6,199,202,206,0
2.3,1.4,199,202,206,0
1.3,2.7,199,200,200,1
2.2,0.7,200,203,207,0
2.3,0.8,200,203,207,0
2,2.5,200,203,207,0
0.6,3.9,200,203,207,0
2.9,1.4,200,203,207,0
2.3,0.3,200,203,207,0
3.4,2.7,200,203,207,0
0.7,3.9,200,203,207,0
1.1,0,200,201,201,1
3,0.6,201,204,208,0
2.7,2.3,201,204,208,0
2.3,0.6,201,204,208,0
0.8,1.4,201,204,208,0
3.8,2,201,204,208,0
1,1,201,204,208,0
2.7,2.1,201,204,208,0
3.6,1.9,201,204,208,0
2,3.5,201,202,202,1
1.3,2.4,202,205,209,0
3,3.8,202,205,209,0
0,1.8,202,205,209,0
0.4,2.9,202,205,209,0
1.9,2.8,202,205,209,0
2.9,0.6,202,205,209,0
3.4,0.2,202,205,209,0
4,2.6,202,205,209,0
1.7,3.7,202,203,203,1
1.9,0.7,203,206,210,0
3.1,1.2,203,206,210,0
1.2,3.8,203,206,210,0
1.3,3,203,206,210,0
4,0,203,206,210,0
2.7,3.8,203,206,210,0
0.9,2,203,206,210,0
0.9,0.9,203,206,210,0
3.3,3.8,203,204,204,1
2.6,2.5,204,207,211,0
3.9,2.9,204,207,211,0
2.2,2.2,204,207,211,0
1.3,2.4,204,207,211,0
0.1,1.5,204,207,211,0
2.9,3.3,204,207,211,0
0.7,2.4,204,207,211,0
1.3,0.2,204,207,211,0
0.4,1.8,204,205,205,1
3.1,1.6,205,208,212,0
2.1,1.9,205,208,212,0
0.6,1.4,205,208,212,0
3.9,2.1,205,208,212,0
0.8,1.4,205,208,212,0
0.2,3.5,205,208,212,0
3.3,2.6,205,208,212,0
3.2,3.9,205,208,212,0
0.3,0.2,205,206,206,1
1.4,3,206,209,213,0
2.6,2,206,209,213,0
1.4,0.5,206,209,213,0
0.3,2,206,209,213,0
2.2,1.6,206,209,213,0
3.2,1.5,206,209,213,0
1.6,1,206,209,213,0
3.5,0.7,206,209,213,0
2.4,3.7,206,207,207,1
1.3,0.5,207,210,214,0
1.4,0.2,207,210,214,0
3.8,0,207,210,214,0
2.8,0,207,210,214,0
2.6,1,207,210,214,0
0.5,0.9,207,210,214,0
2.7,1.1,207,210,214,0
2.4,0.9,207,210,214,0
1.8,2.7,207,208,208,1
3.2,3.3,208,211,215,0
0.2,3.8,208,211,215,0
3.7,2.8,208,211,215,0
3.4,3.9,208,211,215,0
2.8,3.3,208,211,215,0
2.4,1.4,208,211,215,0
1.4,2.3,208,211,215,0
2.8,0.2,208,211,215,0
3.4,0,208,209,209,1
3.4,2.9,209,212,216,0
3.3,1.4,209,212,216,0
3.9,1,209,212,216,0
1.1,3.7,209,212,216,0
3.5,2.4,209,212,216,0
2.6,2.5,209,212,216,0
3.2,2.8,209,212,216,0
3.3,3,209,212,216,0
1.6,1.1,209,210,210,1
1.4,0.5,210,213,217,0
0.5,2.3,210,213,217,0
3.3,0.6,210,213,217,0
3.5,4,210,213,217,0
1.4,3.9,210,213,217,0
3.8,1.2,210,213,217,0
3.6,0.9,210,213,217,0
2.8,1.1,210,213,217,0
0.2,4,210,211,211,1
3.5,3,211,214,218,0
3.1,2.5,211,214,218,0
3.3,1.1,211,214,218,0
0.5,3.6,211,214,218,0
0.8,3.6,211,214,218,0
3.7,0.2,211,214,218,0
3.3,4,211,214,218,0
0.6,1.6,211,214,218,0
0.1,2.5,211,212,212,1
1.8,3.7,212,215,219,0
2.8,4,212,215,219,0
2.4,1.6,212,215,219,0
2.8,1.7,212,215,219,0
3.1,2.6,212,215,219,0
0.5,2.7,212,215,219,0
3.6,1.9,212,215,219,0
2.5,2.1,212,215,219,0
3.8,2.9,212,213,213,1
0.2,1.7,213,216,220,0
1.1,3.1,213,216,220,0
3.8,2,213,216,220,0
1.5,0.1,213,216,220,0
0.1,2.6,213,216,220,0
1,2.5,213,216,220,0
3.4,3.9,213,216,220,0
2.8,0.9,213,216,220,0
3.7,3.7,213,214,214,1
1.8,0.8,214,217,221,0
1.9,0.7,214,217,221,0
2.5,3.4,214,217,221,0
2.1,3.9,214,217,221,0
0.2,3.3,214,217,221,0
2,3.7,214,217,221,0
3.4,0.7,214,217,221,0
1.8,1.3,214,217,221,0
2.6,3.7,214,215,215,1
2.5,1.7,215,218,222,0
3.1,1.9,215,218,222,0
0.6,2.2,215,218,222,0
0.9,2.4,215,218,222,0
0,3.4,215,218,222,0
2.8,4,215,218,222,0
1.8,2.4,215,218,222,0
3.5,1.9,215,218,222,0
2.8,3.9,215,216,216,1
2.1,0,216,219,223,0
3.7,2.4,216,219,223,0
2.2,3.3,216,219,223,0
0.7,3.1,216,219,223,0
0,3.8,216,219,223,0
0.6,1,216,219,223,0
3.6,2.3,216,219,223,0
2.5,2.2,216,219,223,0
2.1,2.3,216,217,217,1
3.5,4,217,220,224,0
0,3.1,217,220,224,0
0.6,1.9,217,220,224,0
3.9,1.3,217,220,224,0
3.5,1.8,217,220,224,0
3,1.8,217,220,224,0
0.6,3,217,220,224,0
1.9,2.8,217,220,224,0
2.7,1.2,217,218,218,1
3.8,0.2,218,221,225,0
0.6,4,218,221,225,0
1.9,3.7,218,221,225,0
1.2,1.7,218,221,225,0
3.2,1.8,218,221,225,0
1.6,0.6,218,221,225,0
1.7,2.2,218,221,225,0
1.1,3.6,218,221,225,0
2.9,3.7,218,219,219,1
2.4,0.4,219,222,226,0
2.6,2.2,219,222,226,0
3.4,0.2,219,222,226,0
2.5,1.4,219,222,226,0
0,1.3,219,222,226,0
0.1,1.1,219,222,226,0
3.1,2.2,219,222,226,0
3.5,0.4,219,222,226,0
2,0.8,219,220,220,1
3.1,3.6,220,223,227,0
3.4,0.5,220,223,227,0
0.7,2.9,220,223,227,0
3.7,0.9,220,223,227,0
3.1,1.9,220,223,227,0
1.6,2.9,220,223,227,0
1.5,3.1,220,223,227,0
3.7,0.1,220,223,227,0
2.7,0.4,220,221,221,1
3.6,2.2,221,224,228,0
2.7,0,221,224,228,0
1.4,0.5,221,224,228,0
0,3.6,221,224,228,0
1.9,2.7,221,224,228,0
1.4,1.1,221,224,228,0
3.9,2.5,221,224,228,0
3.2,3.3,221,224,228,0
1.2,1.1,221,222,222,1
0.5,0.6,222,225,229,0
2.4,1.3,222,225,229,0
0.4,2.6,222,225,229,0
3,0.9,222,225,229,0
0.6,1.9,222,225,229,0
3,3.8,222,225,229,0
0.5,2.5,222,225,229,0
2.8,4,222,225,229,0
2.7,1.4,222,223,223,1
0.3,3.2,223,226,230,0
2.3,1,223,226,230,0
2.8,3,223,226,230,0
0.5,2.1,223,226,230,0
0.7,0.7,223,226,230,0
3.3,1.2,223,226,230,0
4,2.4,223,226,230,0
1,3.1,223,226,230,0
2.8,0.5,223,224,224,1
4,2.4,224,227,231,0
3.6,0,224,227,231,0
2.2,3.7,224,227,231,0
4,2.3,224,227,231,0
2,2.5,224,227,231,0
3.1,2.3,224,227,231,0
3.7,2.8,224,227,231,0
2.5,3.1,224,227,231,0
1.6,1.2,224,225,225,1
0.5,2.7,225,228,232,0
3,0.1,225,228,232,0
2.7,2.4,225,228,232,0
1,2.3,225,228,232,0
2.7,2.3,225,228,232,0
0.2,1.7,225,228,232,0
1,1.9,225,228,232,0
2.1,3.2,225,228,232,0
4,2,225,226,226,1
1.4,2.5,226,229,233,0
0.1,0.8,226,229,233,0
0,1.6,226,229,233,0
0.5,1.8,226,229,233,0
3.5,2.9,226,229,233,0
1.6,2.4,226,229,233,0
2.4,3.9,226,229,233,0
4,0.8,226,229,233,0
0.8,3.4,226,227,227,1
2.7,0.2,227,230,234,0
2.4,2.6,227,230,234,0
0.2,0.7,227,230,234,0
3.9,0.7,227,230,234,0
0.5,0.6,227,230,234,0
1.7,1.5,227,230,234,0
2.6,1.6,227,230,234,0
3.4,2.4,227,230,234,0
3.9,2,227,228,228,1
1,0.8,228,231,235,0
3.5,0.3,228,231,235,0
1.8,0.9,228,231,235,0
3.3,1.2,228,231,235,0
3.8,2.6,228,231,235,0
2.2,0.4,228,231,235,0
1,0.4,228,231,235,0
0.3,3.4,228,231,235,0
1,1.2,228,229,229,1
2.3,0.5,229,232,236,0
2.2,0.9,229,232,236,0
1.3,3.3,229,232,236,0
0.3,2.3,229,232,236,0
3.9,3.7,229,232,236,0
0,1.6,229,232,236,0
0.8,0,229,232,236,0
0.1,0.9,229,232,236,0
1.7,0.2,229,230,230,1
3.3,3.2,230,233,237,0
0.8,2.2,230,233,237,0
3.9,4,230,233,237,0
1.8,0.1,230,233,237,0
1,0.7,230,233,237,0
1.7,3.7,230,233,237,0
1.6,1,230,233,237,0
2,3.4,230,233,237,0
0.2,1.3,230,231,231,1
2.8,2.8,231,234,238,0
0.5,1.3,231,234,238,0
1,1.3,231,234,238,0
1.7,3.4,231,234,238,0
3.4,2.4,231,234,238,0
0.7,2.6,231,234,238,0
1.5,1.8,231,234,238,0
0.4,1.3,231,234,238,0
2,3.1,231,232,232,1
3.2,3.7,232,235,239,0
0,0.8,232,235,239,0
2.1,3.7,232,235,239,0
2.4,1.1,232,235,239,0
1,2.3,232,235,239,0
3.4,1.7,232,235,239,0
3.1,1.7,232,235,239,0
0.7,0,232,235,239,0
0.9,1.5,232,233,233,1
4,0.6,233,236,240,0
1.9,1,233,236,240,0
1,2.6,233,236,240,0
1,0.5,233,236,240,0
3.9,2.9,233,236,240,0
0.9,4,233,236,240,0
1,0.3,233,236,240,0
3.7,0.1,233,236,240,0
1.2,0.2,233,234,234,1
0.2,2.3,234,237,241,0
1.4,3.1,234,237,241,0
3.5,1.7,234,237,241,0
3.7,0.9,234,237,241,0
0.1,1.4,234,237,241,0
2.1,1.1,234,237,241,0
2.4,1.8,234,237,241,0
2.3,2.9,234,237,241,0
3.7,1.2,234,235,235,1
0.9,3.6,235,238,242,0
2.4,3.5,235,238,242,0
2.4,3.8,235,238,242,0
0.9,0.4,235,238,242,0
3.8,0.5,235,238,242,0
1.7,1.6,235,238,242,0
1.3,2.8,235,238,242,0
2.7,0.9,235,238,242,0
0.4,0.1,235,236,236,1
1.5,2.2,236,239,243,0
2.9,2.4,236,239,243,0
2.4,2.1,236,239,243,0
1.9,3.7,236,239,243,0
0.7,1.3,236,239,243,0
0.4,2.8,236,239,243,0
0.9,1.1,236,239,243,0
3.6,3.1,236,239,243,0
0.5,2.8,236,237,237,1
3.4,0.5,237,240,244,0
2.3,0,237,240,244,0
0.5,1,237,240,244,0
1,2.6,237,240,244,0
0.6,0.7,237,240,244,0
2.1,2.9,237,240,244,0
1.9,0.3,237,240,244,0
0.4,3.9,237,240,244,0
2.6,0.1,237,238,238,1
3.6,1.3,238,241,245,0
2.6,1.5,238,241,245,0
2.1,0.1,238,241,245,0
2.3,2.6,238,241,245,0
2.4,3.2,238,241,245,0
0.9,3.6,238,241,245,0
1.2,2.5,238,241,245,0
3.6,2.2,238,241,245,0
2.7,0.8,238,239,239,1
0.9,1.5,239,242,246,0
2.5,1.3,239,242,246,0
3.4,2.1,239,242,246,0
0.1,3.3,239,242,246,0
3.9,1.6,239,242,246,0
2.1,1.4,239,242,246,0
1.8,2.4,239,242,246,0
3.8,0.4,239,242,246,0
1.1,2.4,239,240,240,1
3.4,2.4,240,243,247,0
1.2,1.9,240,243,247,0
3.4,1.3,240,243,247,0
0.4,0.9,240,243,247,0
3,0.4,240,243,247,0
1.1,1.7,240,243,247,0
2.1,2.2,240,243,247,0
3.9,0,240,243,247,0
3.6,2.8,240,241,241,1
2.7,0.1,241,244,248,0
0.9,0.7,241,244,248,0
4,3.6,241,244,248,0
3.8,1.6,241,244,248,0
0.3,1.9,241,244,248,0
3.7,1.7,241,244,248,0
1.3,1.3,241,244,248,0
2.9,3.7,241,244,248,0
2.5,3.6,241,242,242,1
1.8,1.7,242,245,249,0
2.5,0.2,242,245,249,0
1.3,1.6,242,245,249,0
1.1,4,242,245,249,0
2.3,0.4,242,245,249,0
2.7,1.4,242,245,249,0
1.5,1.5,242,245,249,0
2.2,2,242,245,249,0
0.5,2.2,242,243,243,1
0.4,0.8,243,246,250,0
2,2.2,243,246,250,0
1.7,3.7,243,246,250,0
1.2,3.9,243,246,250,0
3.4,3.6,243,246,250,0
4,3.3,243,246,250,0
3,4,243,246,250,0
0.4,3.4,243,246,250,0
0.4,3.9,243,244,244,1
1.2,0.4,244,247,251,0
2.8,3.3,244,247,251,0
0.3,2.7,244,247,251,0
3.9,3.3,244,247,251,0
2.5,3.4,244,247,251,0
0.7,3,244,247,251,0
3,1.7,244,247,251,0
0.2,0.6,244,247,251,0
2.5,2.7,244,245,245,1
1.5,1.9,245,248,252,0
1.1,2,245,248,252,0
3.1,1.2,245,248,252,0
0.8,3.9,245,248,252,0
1.4,3,245,248,252,0
0.6,3,245,248,252,0
1.3,1,245,248,252,0
2.1,3.2,245,248,252,0
1.8,0.9,245,246,246,1
3.5,4,246,249,253,0
2,4,246,249,253,0
1.5,0.9,246,249,253,0
2.4,0.7,246,249,253,0
3.7,1.8,246,249,253,0
4,2.5,246,249,253,0
1.2,3.3,246,249,253,0
2.6,2,246,249,253,0
2.6,3.7,246,247,247,1
2.5,0.7,247,250,254,0
0,0.7,247,250,254,0
1.4,2.6,247,250,254,0
0.9,3.6,247,250,254,0
2,2.1,247,250,254,0
3,1.2,247,250,254,0
3.6,2.6,247,250,254,0
1,1.9,247,250,254,0
2.5,2.9,247,248,248,1
3,1.7,248,251,255,0
0.4,3.9,248,251,255,0
1.1,0.5,248,251,255,0
1.7,2.1,248,251,255,0
3.1,4,248,251,255,0
2.8,0.8,248,251,255,0
2.8,2.1,248,251,255,0
0.2,0.1,248,251,255,0
2.3,3.3,248,249,249,1
0.6,0.9,249,252,256,0
0.8,2.5,249,252,256,0
3.9,0.2,249,252,256,0
0.8,3.2,249,252,256,0
3.1,1,249,252,256,0
3.6,3.9,249,252,256,0
3.8,1.4,249,252,256,0
0.5,2.4,249,252,256,0
2.3,2.3,249,250,250,1
2.8,4,250,253,257,0
0.8,1.8,250,253,257,0
1.7,2.1,250,253,257,0
0.8,0.6,250,253,257,0
0.8,1.4,250,253,257,0
0.5,0.7,250,253,257,0
0.5,2.9,250,253,257,0
2.7,2.8,250,253,257,0
1.8,2.2,250,251,251,1
1.1,1.8,251,254,258,0
3.4,2.5,251,254,258,0
0.5,2.8,251,254,258,0
1.2,2.7,251,254,258,0
0,1.5,251,254,258,0
1.5,1.8,251,254,258,0
0.3,1.6,251,254,258,0
1,0.5,251,254,258,0
3.5,3.9,251,252,252,1
0.8,0.2,252,255,259,0
1.9,1.8,252,255,259,0
0.4,1.5,252,255,259,0
2.9,0.3,252,255,259,0
0.5,0.7,252,255,259,0
0.8,3.5,252,255,259,0
3,2.3,252,255,259,0
0.5,2.9,252,255,259,0
1.3,3.3,252,253,253,1
3.5,2.3,253,256,260,0
2.9,3.1,253,256,260,0
2.4,4,253,256,260,0
3,1.1,253,256,260,0
2.6,3.1,253,256,260,0
0.3,2.8,253,256,260,0
1.6,0.3,253,256,260,0
4,1.2,253,256,260,0
2,3,253,254,254,1
2.4,0.8,254,257,261,0
1.5,3.6,254,257,261,0
3.2,0.6,254,257,261,0
3.1,3.9,254,257,261,0
1.5,2.4,254,257,261,0
3.7,1.3,254,257,261,0
3.9,2.3,254,257,261,0
2.6,2.7,254,257,261,0
0.6,0.8,254,255,255,1
3.8,3.7,255,258,262,0
3.8,1.1,255,258,262,0
1.2,2,255,258,262,0
3.2,1.7,255,258,262,0
1,0.7,255,258,262,0
3.8,3.7,255,258,262,0
1.2,3.7,255,258,262,0
4,2.4,255,258,262,0
2.8,2.2,255,256,256,1
2.7,2.4,256,259,263,0
3.7,0.1,256,259,263,0
3.2,2.6,256,259,263,0
1,1.3,256,259,263,0
1.2,1.1,256,259,263,0
2.3,4,256,259,263,0
1,0.8,256,259,263,0
2.5,2.4,256,259,263,0
2.3,0.7,256,257,257,1
1.4,0.3,257,260,264,0
3.6,3.4,257,260,264,0
0.5,1.1,257,260,264,0
3.3,1.3,257,260,264,0
0.3,1.9,257,260,264,0
1.6,1,257,260,264,0
2.9,3.4,257,260,264,0
1.5,1,257,260,264,0
3.3,2.3,257,258,258,1
0.8,3.6,258,261,265,0
2.7,0.3,258,261,265,0
2.5,0.4,258,261,265,0
3.8,1.8,258,261,265,0
2.1,2.2,258,261,265,0
0,4,258,261,265,0
1.2,1.4,258,261,265,0
2,0,258,261,265,0
1.5,0.2,258,259,259,1
3.3,2.3,259,262,266,0
1.2,3.7,259,262,266,0
1.1,0.9,259,262,266,0
1.6,1.9,259,262,266,0
3.4,3,259,262,266,0
2.1,3.4,259,262,266,0
3.4,0.1,259,262,266,0
4,2.4,259,262,266,0
3.9,0.9,259,260,260,1
1.2,2.6,260,263,267,0
1.8,2.4,260,263,267,0
2.9,0.5,260,263,267,0
3,1.6,260,263,267,0
2.6,1.9,260,263,267,0
1.1,0.8,260,263,267,0
0.8,3.9,260,263,267,0
3.1,2.7,260,263,267,0
0.5,2.1,260,261,261,1
0,2.7,261,264,268,0
0.9,2.2,261,264,268,0
0.9,1.4,261,264,268,0
3.1,3.2,261,264,268,0
1.4,3.4,261,264,268,0
0.3,3.6,261,264,268,0
2.6,3.7,261,264,268,0
1.1,0,261,264,268,0
2.8,1.3,261,262,262,1
0.9,4,262,265,269,0
3.5,1.7,262,265,269,0
0.3,2,262,265,269,0
3.6,0.5,262,265,269,0
1.1,0.9,262,265,269,0
0.9,3.8,262,265,269,0
1.3,0.8,262,265,269,0
0.4,0.4,262,265,269,0
0.7,0.4,262,263,263,1
0.9,3.6,263,266,270,0
1.4,3.2,263,266,270,0
0.2,3.7,263,266,270,0
3.9,0.7,263,266,270,0
3,0.7,263,266,270,0
1.4,2.3,263,266,270,0
0.8,2.8,263,266,270,0
1,2.3,263,266,270,0
3.2,1.4,263,264,264,1
1.6,1.4,264,267,271,0
1.8,2.2,264,267,271,0
3.8,2.8,264,267,271,0
2.9,1.4,264,267,271,0
3.5,0.5,264,267,271,0
3.3,3.6,264,267,271,0
1.1,1,264,267,271,0
3.1,2.1,264,267,271,0
2.7,2.3,264,265,265,1
2.2,2.8,265,268,272,0
4,0.3,265,268,272,0
0.3,0,265,268,272,0
3,2.8,265,268,272,0
0.8,0.5,265,268,272,0
3.2,0.4,265,268,272,0
2.8,2.9,265,268,272,0
2.9,3.9,265,268,272,0
1.9,3.1,265,266,266,1
1,1.1,266,269,273,0
1,2.7,266,269,273,0
1.4,1,266,269,273,0
1.1,1.6,266,269,273,0
3.9,0.2,266,269,273,0
1.7,0.8,266,269,273,0
1.3,2.8,266,269,273,0
3.7,3,266,269,273,0
1.8,0.8,266,267,267,1
2,3.9,267,270,274,0
0.8,1,267,270,274,0
0.4,1.4,267,270,274,0
3.3,0.9,267,270,274,0
3.7,0.6,267,270,274,0
1.3,3,267,270,274,0
1.2,1.3,267,270,274,0
3.1,2.3,267,270,274,0
1.4,3.5,267,268,268,1
3.1,0.1,268,271,275,0
0.6,2,268,271,275,0
1.7,0.7,268,271,275,0
0.5,2.8,268,271,275,0
2.4,3.4,268,271,275,0
1.8,1.7,268,271,275,0
3,0.4,268,271,275,0
2,0.4,268,271,275,0
0.1,1,268,269,269,1
2.6,1.3,269,272,276,0
3.8,1.1,269,272,276,0
2.1,3.7,269,272,276,0
0.5,0.3,269,272,276,0
3.6,2,269,272,276,0
2,2.1,269,272,276,0
3.8,0.1,269,272,276,0
2.8,2.9,269,272,276,0
3.7,4,269,270,270,1
1.4,1.2,270,273,277,0
2.6,0.7,270,273,277,0
0.5,2.4,270,273,277,0
3.9,2.2,270,273,277,0
0.3,0.5,270,273,277,0
1,4,270,273,277,0
3,1.1,270,273,277,0
2.6,1.1,270,273,277,0
1.3,0.5,270,271,271,1
0.9,3.8,271,274,278,0
1.8,2.5,271,274,278,0
3.5,1.8,271,274,278,0
1.8,3,271,274,278,0
2.4,1.9,271,274,278,0
1.9,2.8,271,274,278,0
2.3,1.1,271,274,278,0
1.5,0,271,274,278,0
3.8,3.1,271,272,272,1
3.6,1.1,272,275,279,0
3.5,0.6,272,275,279,0
1.6,1.7,272,275,279,0
3,3.5,272,275,279,0
3.6,0.7,272,275,279,0
3.5,0,272,275,279,0
3.8,3.6,272,275,279,0
3.1,1.7,272,275,279,0
3.8,2.7,272,273,273,1
1.5,0.5,273,276,280,0
3,1.5,273,276,280,0
4,2.3,273,276,280,0
4,3.3,273,276,280,0
2.6,0.8,273,276,280,0
2.6,0.5,273,276,280,0
3.9,3.7,273,276,280,0
0.8,3.4,273,276,280,0
2.8,1,273,274,274,1
0.9,3.2,274,277,281,0
2.8,1.2,274,277,281,0
0.8,1.2,274,277,281,0
2.4,2.1,274,277,281,0
3.2,1.6,274,277,281,0
2.6,3.3,274,277,281,0
3.7,2.5,274,277,281,0
3.5,2.2,274,277,281,0
1.2,3.2,274,275,275,1
0.9,0.4,275,278,282,0
4,3.6,275,278,282,0
0.3,0.7,275,278,282,0
2.7,2,275,278,282,0
3.1,0.5,275,278,282,0
0.9,0.8,275,278,282,0
2.9,2.6,275,278,282,0
2.7,0.9,275,278,282,0
0.4,2.3,275,276,276,1
3.6,2.6,276,279,283,0
3.5,0.3,276,279,283,0
0.7,2.8,276,279,283,0
2,2.8,276,279,283,0
0.8,1.9,276,279,283,0
3.6,1.2,276,279,283,0
1.9,2.9,276,279,283,0
0.9,2.3,276,279,283,0
3.7,2.4,276,277,277,1
0.4,2.4,277,280,284,0
0,2.8,277,280,284,0
0.5,0.5,277,280,284,0
2.7,1.7,277,280,284,0
0.3,1.2,277,280,284,0
2.8,1.4,277,280,284,0
3,1.7,277,280,284,0
2.1,3.8,277,280,284,0
1.2,1.1,277,278,278,1
2.2,3.7,278,281,285,0
0.5,0,278,281,285,0
4,0.4,278,281,285,0
3.9,0.6,278,281,285,0
1.2,2.2,278,281,285,0
4,0.8,278,281,285,0
0.5,1.9,278,281,285,0
1.6,2.1,278,281,285,0
0.7,1.6,278,279,279,1
0.7,3.7,279,282,286,0
3,1.4,279,282,286,0
0.1,0.3,279,282,286,0
3.7,2.1,279,282,286,0
2.3,2.8,279,282,286,0
1.8,2.9,279,282,286,0
3,2.4,279,282,286,0
3.5,4,279,282,286,0
3,1.7,279,280,280,1
1.6,2.4,280,283,287,0
1.6,3.4,280,283,287,0
3.2,3,280,283,287,0
1.3,3.9,280,283,287,0
3.6,3.8,280,283,287,0
0.3,2.1,280,283,287,0
2.7,0.9,280,283,287,0
3.6,3.1,280,283,287,0
0.9,3,280,281,281,1
0.3,0.1,281,284,288,0
0.5,1.6,281,284,288,0
1.3,0.2,281,284,288,0
1,3.6,281,284,288,0
3.8,0.8,281,284,288,0
0.5,2.9,281,284,288,0
0.5,3.5,281,284,288,0
0.3,0.4,281,284,288,0
1.7,1.6,281,282,282,1
2.3,0.6,282,285,289,0
3.1,3,282,285,289,0
1.7,2.1,282,285,289,0
3.7,2.6,282,285,289,0
0.7,1.3,282,285,289,0
2.6,2.7,282,285,289,0
3.4,1.4,282,285,289,0
1.2,1.2,282,285,289,0
1.3,2.7,282,283,283,1
0,0,283,286,290,0
2.5,1.5,283,286,290,0
3.7,2.4,283,286,290,0
3.9,0.1,283,286,290,0
0.3,1.7,283,286,290,0
0.1,0.1,283,286,290,0
2,0.9,283,286,290,0
0.7,4,283,286,290,0
3.8,1.9,283,284,284,1
0.3,2.2,284,287,291,0
1.2,2.5,284,287,291,0
2.1,1.6,284,287,291,0
2.5,3.5,284,287,291,0
0.6,0.4,284,287,291,0
1.6,2.1,284,287,291,0
2.6,3.1,284,287,291,0
3.5,3.3,284,287,291,0
0.2,2.1,284,285,285,1
2.1,1.4,285,288,292,0
2.7,3.4,285,288,292,0
3.2,2.1,285,288,292,0
1.5,2.4,285,288,292,0
0.6,0.6,285,288,292,0
0.3,3.2,285,288,292,0
3.6,2.5,285,288,292,0
2.4,1.5,285,288,292,0
3,2.9,285,286,286,1
1.5,0.5,286,289,293,0
3.8,2.1,286,289,293,0
2.3,0.2,286,289,293,0
4,1.1,286,289,293,0
3.7,4,286,289,293,0
0.4,1.1,286,289,293,0
1.5,1.1,286,289,293,0
1.4,0.6,286,289,293,0
0.3,3.5,286,287,287,1
3.3,3.7,287,290,294,0
3.6,3.8,287,290,294,0
1.4,3.5,287,290,294,0
3.6,2,287,290,294,0
3.4,3.7,287,290,294,0
2.1,2.3,287,290,294,0
2.2,3.2,287,290,294,0
0.3,0.6,287,290,294,0
1.8,3.3,287,288,288,1
3.5,0.8,288,291,295,0
1.9,0.2,288,291,295,0
3.1,0.7,288,291,295,0
3.1,2.1,288,291,295,0
2.8,1.7,288,291,295,0
2.4,0,288,291,295,0
3,1.6,288,291,295,0
1.9,0.4,288,291,295,0
0.7,2.5,288,289,289,1
3.4,4,289,292,296,0
1.9,3.6,289,292,296,0
0.8,3.6,289,292,296,0
1.8,1.8,289,292,296,0
1.3,0.9,289,292,296,0
2.5,3.1,289,292,296,0
2.5,2.1,289,292,296,0
3.5,3.5,289,292,296,0
2.5,2.2,289,290,290,1
3.7,0.3,290,293,297,0
1.9,3.5,290,293,297,0
3.2,2.2,290,293,297,0
0.4,3.3,290,293,297,0
1.9,0.2,290,293,297,0
3.8,2.6,290,293,297,0
0.1,2.4,290,293,297,0
3.4,3.2,290,293,297,0
3.2,0.6,290,291,291,1
3.6,0.3,291,294,298,0
0.4,3.4,291,294,298,0
3.6,1.5,291,294,298,0
1.5,0.8,291,294,298,0
3,3.1,291,294,298,0
4,2.8,291,294,298,0
3.4,1.5,291,294,298,0
3.5,2.1,291,294,298,0
0.6,0.2,291,292,292,1
0.7,3.3,292,295,299,0
0.8,0.3,292,295,299,0
2.7,0.4,292,295,299,0
1.8,0.6,292,295,299,0
1.7,3.8,292,295,299,0
0,3.3,292,295,299,0
1.9,2.9,292,295,299,0
0.2,3.5,292,295,299,0
2.7,0.6,292,293,293,1
2.1,2.6,293,296,300,0
3.1,3.6,293,296,300,0
1.6,1.1,293,296,300,0
2.9,3.7,293,296,300,0
3.1,2.7,293,296,300,0
2.4,2.9,293,296,300,0
3.7,1.2,293,296,300,0
3,0.6,293,296,300,0
1.1,3,293,294,294,1
0.8,0.1,294,297,301,0
3.5,3.4,294,297,301,0
0.1,1,294,297,301,0
2.4,2.9,294,297,301,0
1.6,2.6,294,297,301,0
1,0.4,294,297,301,0
2.3,3.6,294,297,301,0
0.3,2,294,297,301,0
3.8,3.4,294,295,295,1
3,3.7,295,298,302,0
3.1,0.4,295,298,302,0
2.4,1,295,298,302,0
0,1,295,298,302,0
2.7,2.1,295,298,302,0
3.3,1,295,298,302,0
3.9,0,295,298,302,0
4,0.6,295,298,302,0
1,0.2,295,296,296,1
3.9,0.7,296,299,303,0
0.1,2.9,296,299,303,0
0.9,1.6,296,299,303,0
1,3.9,296,299,303,0
3.1,0.6,296,299,303,0
0.2,1.1,296,299,303,0
3.7,3.6,296,299,303,0
3.1,1,296,299,303,0
3.8,3.1,296,297,297,1
0.1,3.7,297,300,304,0
2.7,0.5,297,300,304,0
2.3,0.3,297,300,304,0
3.5,3.5,297,300,304,0
1.4,0.3,297,300,304,0
0.1,3.6,297,300,304,0
2,0.3,297,300,304,0
3.8,2.9,297,300,304,0
2.3,1.5,297,298,298,1
1.8,0.3,298,301,305,0
0.3,3,298,301,305,0
1.6,0,298,301,305,0
0.7,2.7,298,301,305,0
2.6,4,298,301,305,0
2.5,3.3,298,301,305,0
0.3,3.8,298,301,305,0
2.8,3.5,298,301,305,0
0.7,2.3,298,299,299,1
2.9,3,299,302,306,0
0.7,3.3,299,302,306,0
4,0.5,299,302,306,0
2.6,2.8,299,302,306,0
0,0.5,299,302,306,0
0.4,1.3,299,302,306,0
0.9,3.4,299,302,306,0
0.3,1.2,299,302,306,0
2.3,2.3,299,300,300,1
2.1,3.6,300,303,307,0
2.7,0.6,300,303,307,0
3,2.1,300,303,307,0
0.7,3.7,300,303,307,0
3,3.2,300,303,307,0
3.4,3.6,300,303,307,0
4,0.5,300,303,307,0
1.1,2.2,300,303,307,0
1.8,2.4,300,301,301,1
3.8,3.6,301,304,308,0
1.6,3,301,304,308,0
2.3,3,301,304,308,0
3.2,1.8,301,304,308,0
4,2.4,301,304,308,0
3.7,2,301,304,308,0
0.3,1.6,301,304,308,0
1.6,3.7,301,304,308,0
3.9,0.8,301,302,302,1
2.8,2,302,305,309,0
2.1,0.1,302,305,309,0
0.7,0.4,302,305,309,0
0.4,3.2,302,305,309,0
0.6,3.9,302,305,309,0
1.7,1.4,302,305,309,0
2.7,0.1,302,305,309,0
1.6,1.8,302,305,309,0
1.5,3.4,302,303,303,1
2.4,2.9,303,306,310,0
0.6,1.1,303,306,310,0
3,1.3,303,306,310,0
2.6,3.3,303,306,310,0
0.7,0.4,303,306,310,0
1,2.7,303,306,310,0
1.4,2.4,303,306,310,0
1.9,0.2,303,306,310,0
0.1,0.7,303,304,304,1
1.6,2.6,304,307,311,0
3.3,2.9,304,307,311,0
0.8,0.5,304,307,311,0
0.5,0.9,304,307,311,0
1.4,0.4,304,307,311,0
0.9,0.5,304,307,311,0
2.2,0.6,304,307,311,0
2.7,3.7,304,307,311,0
3.1,2.4,304,305,305,1
0.4,2.3,305,308,312,0
3.9,3,305,308,312,0
0,1.6,305,308,312,0
1.9,0.2,305,308,312,0
2.9,0.5,305,308,312,0
2.1,1.3,305,308,312,0
3.9,1.3,305,308,312,0
3.3,0.1,305,308,312,0
0.9,3.8,305,306,306,1
1.5,3.6,306,309,313,0
0.6,1.5,306,309,313,0
1.7,0.3,306,309,313,0
0.8,0.2,306,309,313,0
4,2,306,309,313,0
2.8,1.8,306,309,313,0
2.3,2.2,306,309,313,0
0.9,2.2,306,309,313,0
2.3,3.1,306,307,307,1
3.7,3.4,307,310,314,0
1.5,3.7,307,310,314,0
3.6,0.5,307,310,314,0
3.3,3.2,307,310,314,0
0.1,3.7,307,310,314,0
4,3.9,307,310,314,0
3.9,3.9,307,310,314,0
1.9,3,307,310,314,0
2,3.6,307,308,308,1
2.3,0.1,308,311,315,0
1.2,3.5,308,311,315,0
0.5,1,308,311,315,0
1.1,3.6,308,311,315,0
3.2,4,308,311,315,0
1.4,2.6,308,311,315,0
1.8,2.3,308,311,315,0
4,2.9,308,311,315,0
2.2,0.1,308,309,309,1
3.2,1.3,309,312,316,0
0.7,1.7,309,312,316,0
2.1,1.4,309,312,316,0
1.5,0.5,309,312,316,0
2.4,0.3,309,312,316,0
2.1,3.5,309,312,316,0
1.1,2.5,309,312,316,0
2.3,3,309,312,316,0
1,0.6,309,310,310,1
3.2,0,310,313,317,0
2,3.1,310,313,317,0
3.3,1,310,313,317,0
0.4,2.3,310,313,317,0
0.1,1.7,310,313,317,0
1.1,1.2,310,313,317,0
2.9,3.7,310,313,317,0
0,1.6,310,313,317,0
3.1,0.2,310,311,311,1
1.9,2.8,311,314,318,0
0.1,3.6,311,314,318,0
0.8,2,311,314,318,0
3.5,2.2,311,314,318,0
4,2.2,311,314,318,0
3.4,0.3,311,314,318,0
0.2,2,311,314,318,0
2.6,2.1,311,314,318,0
1.1,0.1,311,312,312,1
3.4,3,312,315,319,0
0.2,0.7,312,315,319,0
1.8,0.7,312,315,319,0
1.3,2.5,312,315,319,0
3.7,1.5,312,315,319,0
0.9,2.7,312,315,319,0
0.4,1.5,312,315,319,0
3.1,2.9,312,315,319,0
2,3.5,312,313,313,1
2,0.8,313,316,320,0
0.5,2.1,313,316,320,0
2,2.3,313,316,320,0
0.2,2.9,313,316,320,0
1.6,0.9,313,316,320,0
3.4,2.8,313,316,320,0
0.2,0.5,313,316,320,0
2.8,3.6,313,316,320,0
2.6,3.2,313,314,314,1
0.5,1.9,314,317,321,0
0.5,2.9,314,317,321,0
0.2,3.6,314,317,321,0
0.2,1.6,314,317,321,0
1.7,2.9,314,317,321,0
2,0.1,314,317,321,0
0.4,0.3,314,317,321,0
2.2,0.2,314,317,321,0
1.4,2.1,314,315,315,1
2,3.8,315,318,322,0
1.1,1.5,315,318,322,0
3.4,0.4,315,318,322,0
3.6,1.7,315,318,322,0
2.7,3.7,315,318,322,0
3.3,1.7,315,318,322,0
3.3,0.1,315,318,322,0
0.7,3.2,315,318,322,0
1.5,0.2,315,316,316,1
3.3,3.9,316,319,323,0
3.7,1.5,316,319,323,0
2.6,2,316,319,323,0
2.3,2.5,316,319,323,0
3.1,3.9,316,319,323,0
1.6,2.1,316,319,323,0
0,0.1,316,319,323,0
1.6,0.7,316,319,323,0
0.1,2.6,316,317,317,1
2.2,3.7,317,320,324,0
2.2,2.3,317,320,324,0
1.9,2.9,317,320,324,0
1.1,0.9,317,320,324,0
1.3,0.2,317,320,324,0
2.6,4,317,320,324,0
1.2,3.7,317,320,324,0
1.1,0.8,317,320,324,0
1,0.7,317,318,318,1
0.8,0.8,318,321,325,0
2.3,0.2,318,321,325,0
2.1,0.6,318,321,325,0
0.8,3.4,318,321,325,0
0.3,0.4,318,321,325,0
0.9,1.1,318,321,325,0
2.1,0.9,318,321,325,0
3.1,2,318,321,325,0
3.8,1.9,318,319,319,1
3,1.8,319,322,326,0
1.9,3.7,319,322,326,0
1.9,2.2,319,322,326,0
2.1,2,319,322,326,0
2.7,0.2,319,322,326,0
3.2,1.4,319,322,326,0
0.5,0.9,319,322,326,0
2.4,2.3,319,322,326,0
2.5,2.8,319,320,320,1
1.6,2.3,320,323,327,0
3.9,3.2,320,323,327,0
1.2,2.6,320,323,327,0
3.7,3.1,320,323,327,0
3.7,1.6,320,323,327,0
1.5,2.5,320,323,327,0
1.9,3.5,320,323,327,0
1.4,0.2,320,323,327,0
2.7,0.3,320,321,321,1
1.6,0,321,324,328,0
0.6,1.2,321,324,328,0
0.3,1.4,321,324,328,0
3.6,1.3,321,324,328,0
0.3,0.9,321,324,328,0
2.8,1.1,321,324,328,0
0.8,2.3,321,324,328,0
1.6,4,321,324,328,0
3.9,3,321,322,322,1
0.5,2.5,322,325,329,0
3.7,3.5,322,325,329,0
2.3,0.1,322,325,329,0
4,0.2,322,325,329,0
3.5,3.6,322,325,329,0
3.6,0.6,322,325,329,0
1,2.3,322,325,329,0
3,3.3,322,325,329,0
0.2,0.5,322,323,323,1
1.5,1.9,323,326,330,0
2.6,3.6,323,326,330,0
2.1,3.6,323,326,330,0
1.8,1.5,323,326,330,0
0.7,1.1,323,326,330,0
2.9,2.1,323,326,330,0
0.8,2.8,323,326,330,0
2,3.9,323,326,330,0
0,2.6,323,324,324,1
1,1.6,324,327,331,0
0.8,3,324,327,331,0
3.2,1.4,324,327,331,0
1.3,0.5,324,327,331,0
2.9,2.1,324,327,331,0
2.6,0.2,324,327,331,0
1.2,2.5,324,327,331,0
0.2,3.3,324,327,331,0
3.6,1.5,324,325,325,1
2.2,2.8,325,328,332,0
3.2,3.6,325,328,332,0
4,2.7,325,328,332,0
3.8,1.2,325,328,332,0
0.2,1.1,325,328,332,0
3.7,0.1,325,328,332,0
1.8,2.2,325,328,332,0
2.8,3.8,325,328,332,0
3.5,2.8,325,326,326,1
2.6,3.5,326,329,333,0
3.5,4,326,329,333,0
2.3,3.9,326,329,333,0
2.3,2.6,326,329,333,0
0.7,3.8,326,329,333,0
3,2,326,329,333,0
3.8,3.8,326,329,333,0
3.2,3.9,326,329,333,0
3.9,3.1,326,327,327,1
3,0.9,327,330,334,0
2.5,0.9,327,330,334,0
1.3,2.1,327,330,334,0
1.5,0.3,327,330,334,0
0.1,2.4,327,330,334,0
1.4,1.4,327,330,334,0
0.6,1.5,327,330,334,0
0.1,0.6,327,330,334,0
3.5,3.5,327,328,328,1
0.5,1.3,328,331,335,0
0.3,0.6,328,331,335,0
1.5,2.3,328,331,335,0
3.9,0.3,328,331,335,0
2.5,1.9,328,331,335,0
1.7,0.4,328,331,335,0
3.1,0.4,328,331,335,0
3.9,2.6,328,331,335,0
4,0.8,328,329,329,1
1.9,2,329,332,336,0
2.6,2.9,329,332,336,0
3.3,1,329,332,336,0
0.8,0.9,329,332,336,0
1.8,3.3,329,332,336,0
1.1,3.6,329,332,336,0
1,2.8,329,332,336,0
1.9,1.1,329,332,336,0
1.3,2.6,329,330,330,1
1.8,1.3,330,333,337,0
3.4,1.4,330,333,337,0
1.5,2.8,330,333,337,0
0.4,0.2,330,333,337,0
2.5,2,330,333,337,0
1.7,3.6,330,333,337,0
2.7,2.1,330,333,337,0
3.5,2.9,330,333,337,0
1,2.9,330,331,331,1
3.1,1.3,331,334,338,0
3.9,1.7,331,334,338,0
3.3,2.1,331,334,338,0
2.6,0.9,331,334,338,0
1.8,1.9,331,334,338,0
3.3,1.6,331,334,338,0
1.4,0.4,331,334,338,0
2.9,4,331,334,338,0
3.5,1.7,331,334,338,0
0.8,0.4,331,334,338,0
2.9,1.4,331,334,338,0
0.2,0.2,331,334,338,0
0.8,0.3,331,334,338,0
2.6,2,331,334,338,0
0.1,2.4,331,334,338,0
2.1,0.3,331,334,338,0
1.2,2,331,334,338,0
1.9,0.8,331,334,338,0
2.3,0.6,331,334,338,0
1.6,1.8,331,334,338,0
1,3.9,331,332,332,1
3.1,0.6,331,332,332,1
3.8,0.9,331,332,332,1
1.4,1.7,331,332,332,1
1.3,1.1,332,335,339,0
2.5,3.5,332,335,339,0
3.9,2.8,332,335,339,0
0.7,1.5,332,335,339,0
0.2,1.9,332,335,339,0
3.3,1.4,332,335,339,0
2.6,0,332,335,339,0
2.5,2.1,332,335,339,0
3.8,3.7,332,335,339,0
0.4,3.3,332,335,339,0
2.8,0,332,335,339,0
2.6,0.1,332,335,339,0
1.8,3.5,332,335,339,0
0.3,1.9,332,335,339,0
2.8,0.2,332,335,339,0
0.4,3.8,332,335,339,0
3.9,2.6,332,335,339,0
3.8,1.4,332,335,339,0
1,1.5,332,335,339,0
2.3,3,332,335,339,0
2.8,1.7,332,333,333,1
0.8,1.4,332,333,333,1
0.3,2.8,332,333,333,1
3.4,0,332,333,333,1
1.4,2.9,333,336,340,0
0.9,0.8,333,336,340,0
3.6,0.1,333,336,340,0
3.1,1.3,333,336,340,0
1,1.9,333,336,340,0
2.4,1.1,333,336,340,0
3.4,3.9,333,336,340,0
3.1,2,333,336,340,0
4,2.1,333,336,340,0
1.4,2.8,333,336,340,0
2.3,2.8,333,336,340,0
1.9,3.8,333,336,340,0
3.9,3.4,333,336,340,0
1.8,1.2,333,336,340,0
0.5,3,333,336,340,0
1.8,2.3,333,336,340,0
2.4,3.6,333,336,340,0
1.1,2.2,333,336,340,0
1.9,2.5,333,336,340,0
0.6,0.5,333,336,340,0
0.6,3.4,333,334,334,1
1.5,1.8,333,334,334,1
1.8,2.4,333,334,334,1
3,0.4,333,334,334,1
3.5,3.3,334,337,341,0
0.3,2.6,334,337,341,0
2.4,2.9,334,337,341,0
1,0.1,334,337,341,0
0.8,1.9,334,337,341,0
0,0.1,334,337,341,0
3.7,3.4,334,337,341,0
3.2,2.8,334,337,341,0
1.9,3.9,334,337,341,0
1.4,0.7,334,337,341,0
0.4,2,334,337,341,0
0.2,0.4,334,337,341,0
0.6,1.3,334,337,341,0
3.1,0.1,334,337,341,0
3.8,0.2,334,337,341,0
0.3,2.1,334,337,341,0
2.5,0.3,334,337,341,0
1.3,3.8,334,337,341,0
3.5,0.7,334,337,341,0
0,0.4,334,337,341,0
2.1,0.1,334,335,335,1
3.1,3.1,334,335,335,1
1.6,3.7,334,335,335,1
1.1,3.6,334,335,335,1
1.4,1.9,335,338,342,0
4,1.2,335,338,342,0
0.1,2.8,335,338,342,0
4,3,335,338,342,0
0,3.4,335,338,342,0
1.5,2.8,335,338,342,0
1.3,2.1,335,338,342,0
2.5,3.8,335,338,342,0
2.1,3,335,338,342,0
2,2,335,338,342,0
1.4,1,335,338,342,0
3,2.9,335,338,342,0
1.9,2.3,335,338,342,0
0.2,4,335,338,342,0
1,0.2,335,338,342,0
0.3,3.6,335,338,342,0
1.6,1.5,335,338,342,0
3.3,0.4,335,338,342,0
0.9,0.1,335,338,342,0
3.7,2.5,335,338,342,0
1.4,3.4,335,336,336,1
3.5,1.5,335,336,336,1
2.6,2.7,335,336,336,1
2.3,2.9,335,336,336,1
1.5,3.5,336,339,343,0
2.9,2,336,339,343,0
1.2,3.6,336,339,343,0
3.7,2.1,336,339,343,0
1.4,0.8,336,339,343,0
2.8,2.6,336,339,343,0
1.6,1.4,336,339,343,0
0.9,3.5,336,339,343,0
3.8,1,336,339,343,0
0.7,1.7,336,339,343,0
4,3.6,336,339,343,0
0,3.3,336,339,343,0
2.6,1,336,339,343,0
1,1.3,336,339,343,0
0.9,0.3,336,339,343,0
2.4,1.3,336,339,343,0
2.5,2.6,336,339,343,0
0.8,0.1,336,339,343,0
0.6,0.1,336,339,343,0
3.6,3.1,336,339,343,0
0.8,0,336,337,337,1
2.1,1.5,336,337,337,1
2.3,3,336,337,337,1
3.4,0.6,336,337,337,1
0.8,0.6,337,340,344,0
3.3,3.1,337,340,344,0
1.2,3.8,337,340,344,0
0,1.3,337,340,344,0
1.4,2.4,337,340,344,0
1.2,1.7,337,340,344,0
0.4,1.3,337,340,344,0
1.4,1.4,337,340,344,0
0.6,3.2,337,340,344,0
3.7,0.2,337,340,344,0
2,2.4,337,340,344,0
3.3,2.8,337,340,344,0
1,3.6,337,340,344,0
2.7,1.7,337,340,344,0
3.9,3.4,337,340,344,0
1.4,3.5,337,340,344,0
0,0.5,337,340,344,0
1.8,3.8,337,340,344,0
0.1,3.3,337,340,344,0
0.6,3.8,337,340,344,0
2.8,1.4,337,338,338,1
1.3,3.6,337,338,338,1
1.5,3.8,337,338,338,1
0.9,1.2,337,338,338,1
2.3,0.6,338,341,345,0
2.9,2.8,338,341,345,0
2.5,1.7,338,341,345,0
4,1.8,338,341,345,0
3.9,1,338,341,345,0
0.6,3.8,338,341,345,0
4,3.4,338,341,345,0
0.8,2,338,341,345,0
0.9,1.8,338,341,345,0
2.3,3.5,338,341,345,0
3.1,2.6,338,341,345,0
0.2,3.4,338,341,345,0
2.5,2.2,338,341,345,0
0.2,0.4,338,341,345,0
3.2,3.5,338,341,345,0
1.2,0.5,338,341,345,0
2.1,0.1,338,341,345,0
2,0.4,338,341,345,0
3.2,4,338,341,345,0
3,0.4,338,341,345,0
1.1,2.7,338,339,339,1
0.8,0.4,338,339,339,1
0.5,1,338,339,339,1
2.1,3.4,338,339,339,1
2.2,2.2,339,342,346,0
3.3,0.3,339,342,346,0
2.8,3.5,339,342,346,0
2.1,3.2,339,342,346,0
2.9,2.2,339,342,346,0
2.6,1.9,339,342,346,0
1.8,2.4,339,342,346,0
0.1,2.9,339,342,346,0
2.6,1.3,339,342,346,0
1.8,1,339,342,346,0
1.9,2.6,339,342,346,0
0.6,1.3,339,342,346,0
0.3,0,339,342,346,0
1,0.5,339,342,346,0
3,0.3,339,342,346,0
1.6,2.9,339,342,346,0
2.3,0.4,339,342,346,0
2.3,1.9,339,342,346,0
2.3,2.2,339,342,346,0
0.7,1.4,339,342,346,0
3.5,0.9,339,340,340,1
2,0.3,339,340,340,1
3.7,2.4,339,340,340,1
0.8,3.2,339,340,340,1
3,1.7,340,343,347,0
1.4,1.4,340,343,347,0
0.9,2.5,340,343,347,0
3.1,3.7,340,343,347,0
0.8,0.5,340,343,347,0
1.1,3.6,340,343,347,0
1.9,0.6,340,343,347,0
2.4,3.1,340,343,347,0
3.9,3.4,340,343,347,0
3.3,0.6,340,343,347,0
3.8,3.7,340,343,347,0
3.5,3.8,340,343,347,0
2.5,0,340,343,347,0
3.1,3.5,340,343,347,0
0.7,3.4,340,343,347,0
3.3,0.6,340,343,347,0
1.4,2.8,340,343,347,0
3.1,2.3,340,343,347,0
1.7,0,340,343,347,0
0.9,0.7,340,343,347,0
0.9,2.1,340,341,341,1
2.5,1.6,340,341,341,1
1.2,1.2,340,341,341,1
1.6,0.1,340,341,341,1
1.2,0.5,341,344,348,0
2.2,3.7,341,344,348,0
3.7,3,341,344,348,0
3.9,0.2,341,344,348,0
0.4,1.9,341,344,348,0
1.4,2.3,341,344,348,0
3.4,3.9,341,344,348,0
1.6,2.7,341,344,348,0
1.9,3.9,341,344,348,0
0.7,2.2,341,344,348,0
2.5,0.1,341,344,348,0
2.7,2.1,341,344,348,0
0,1.4,341,344,348,0
2.9,2.4,341,344,348,0
1.8,3,341,344,348,0
2.3,0.5,341,344,348,0
3.4,1.6,341,344,348,0
2.8,2.1,341,344,348,0
3.1,1.7,341,344,348,0
1,0.8,341,344,348,0
1.6,0.4,341,342,342,1
2.5,0.9,341,342,342,1
3.3,2.4,341,342,342,1
2,1.8,341,342,342,1
2.4,1.7,342,345,349,0
3.3,1.2,342,345,349,0
0.6,3.5,342,345,349,0
2.3,0.2,342,345,349,0
3.7,2.3,342,345,349,0
3.5,3.6,342,345,349,0
0.4,0.5,342,345,349,0
0.8,1.8,342,345,349,0
2.2,1.3,342,345,349,0
1.9,1.9,342,345,349,0
2.5,2.5,342,345,349,0
2.5,3.3,342,345,349,0
1.6,0.1,342,345,349,0
1,2.9,342,345,349,0
2,1.7,342,345,349,0
1.4,0.5,342,345,349,0
1.8,3.7,342,345,349,0
0.3,1.4,342,345,349,0
1.9,0.8,342,345,349,0
1.2,2.5,342,345,349,0
4,2.7,342,343,343,1
3.6,2,342,343,343,1
0.5,3,342,343,343,1
0,0.3,342,343,343,1
1.3,0.3,343,346,350,0
2.2,3.8,343,346,350,0
0.2,0.7,343,346,350,0
1.1,0.7,343,346,350,0
2.3,3.5,343,346,350,0
2.1,2.1,343,346,350,0
0.4,0.5,343,346,350,0
0.6,2.3,343,346,350,0
3.1,2.3,343,346,350,0
2.3,0.1,343,346,350,0
0.7,2.1,343,346,350,0
2.9,2.3,343,346,350,0
0.2,3.6,343,346,350,0
1.1,0,343,346,350,0
3.9,2.6,343,346,350,0
0.1,0.8,343,346,350,0
2.8,0.5,343,346,350,0
2.1,0.8,343,346,350,0
2.3,2.7,343,346,350,0
0.7,2.5,343,346,350,0
3.5,2.1,343,344,344,1
0.2,2.2,343,344,344,1
0,3.5,343,344,344,1
1.9,1.2,343,344,344,1
1.5,1.2,344,347,351,0
2.2,2.7,344,347,351,0
0.1,3.7,344,347,351,0
1.6,3,344,347,351,0
1.9,2.4,344,347,351,0
3.8,2.8,344,347,351,0
3.8,1.1,344,347,351,0
2.7,3.5,344,347,351,0
3.4,2.8,344,347,351,0
2.7,3.8,344,347,351,0
3.6,0.8,344,347,351,0
1.6,1.5,344,347,351,0
4,3.1,344,347,351,0
0.8,2.9,344,347,351,0
2.6,2.8,344,347,351,0
0.4,3,344,347,351,0
1.3,2.3,344,347,351,0
0.3,4,344,347,351,0
2.1,0.5,344,347,351,0
3.7,1,344,347,351,0
3.6,0.1,344,345,345,1
1.5,3.9,344,345,345,1
1.4,1.2,344,345,345,1
2.9,0.4,344,345,345,1
1.3,2.6,345,348,352,0
1.4,1,345,348,352,0
1.1,3.4,345,348,352,0
2.9,2.7,345,348,352,0
3.4,0.5,345,348,352,0
2.8,3.9,345,348,352,0
3.8,0.7,345,348,352,0
1.4,2.6,345,348,352,0
3.6,0.8,345,348,352,0
0.8,2.2,345,348,352,0
0.2,3.8,345,348,352,0
0.1,1.2,345,348,352,0
2.7,1.9,345,348,352,0
0.9,0.6,345,348,352,0
2.4,3.2,345,348,352,0
1,2.2,345,348,352,0
0.8,1.7,345,348,352,0
3.1,0.5,345,348,352,0
0.6,3.9,345,348,352,0
1.6,2.3,345,348,352,0
1.9,0.8,345,346,346,1
3.5,2.2,345,346,346,1
4,3.7,345,346,346,1
1.6,0,345,346,346,1
0.3,2.9,346,349,353,0
0.3,2.3,346,349,353,0
1.9,3.5,346,349,353,0
1.9,1.9,346,349,353,0
2.4,1.7,346,349,353,0
0.4,3,346,349,353,0
0.9,2.6,346,349,353,0
2.4,3.4,346,349,353,0
1,0.1,346,349,353,0
2.2,2.2,346,349,353,0
2.9,0,346,349,353,0
3.2,3.9,346,349,353,0
2,1.2,346,349,353,0
3,0,346,349,353,0
3.7,2.2,346,349,353,0
3,3.5,346,349,353,0
2.8,1.8,346,349,353,0
3,0.3,346,349,353,0
1.3,1.3,346,349,353,0
2.3,1.5,346,349,353,0
2,3.4,346,347,347,1
2.7,1.8,346,347,347,1
3.3,3.9,346,347,347,1
1.2,2.3,346,347,347,1
2.7,2.8,347,350,354,0
0.8,3.8,347,350,354,0
3.9,1.6,347,350,354,0
2.4,3.3,347,350,354,0
0,1.8,347,350,354,0
3.7,3.4,347,350,354,0
4,3.6,347,350,354,0
4,1.6,347,350,354,0
1.5,1.7,347,350,354,0
2.3,2.7,347,350,354,0
4,3.6,347,350,354,0
0.4,2.3,347,350,354,0
3.4,1.8,347,350,354,0
1.6,0.7,347,350,354,0
0.9,1.7,347,350,354,0
2.8,3.8,347,350,354,0
0.1,1.3,347,350,354,0
3.9,1.5,347,350,354,0
2.6,1.1,347,350,354,0
2.5,2,347,350,354,0
3,3.4,347,348,348,1
1.7,0.2,347,348,348,1
1.3,3.8,347,348,348,1
2.4,3.5,347,348,348,1
3,0,348,351,355,0
1.3,1,348,351,355,0
2.4,1.1,348,351,355,0
1.2,4,348,351,355,0
0.1,1.5,348,351,355,0
2.3,2.1,348,351,355,0
2.9,0.6,348,351,355,0
2,2.4,348,351,355,0
3.4,3.5,348,351,355,0
2,0.2,348,351,355,0
0.3,2.8,348,351,355,0
1.8,2.2,348,351,355,0
2.2,3.5,348,351,355,0
3.5,2.9,348,351,355,0
2.6,0.6,348,351,355,0
3.2,0.5,348,351,355,0
2.2,1.2,348,351,355,0
1,2.2,348,351,355,0
4,1.2,348,351,355,0
4,2.2,348,351,355,0
1.3,0.8,348,349,349,1
3.6,3.4,348,349,349,1
0.1,3.6,348,349,349,1
2.8,2.3,348,349,349,1
1.1,3.4,349,352,356,0
0.3,1.9,349,352,356,0
0.1,0.8,349,352,356,0
3.5,3.8,349,352,356,0
1.2,2.8,349,352,356,0
0.4,0,349,352,356,0
0,3.6,349,352,356,0
1.6,1.1,349,352,356,0
0.1,0.3,349,352,356,0
3.6,2.3,349,352,356,0
1,3.3,349,352,356,0
0,3.6,349,352,356,0
1,1.7,349,352,356,0
1.6,3.8,349,352,356,0
2.6,2.1,349,352,356,0
3.4,0,349,352,356,0
3.6,0,349,352,356,0
0,4,349,352,356,0
2.4,4,349,352,356,0
3.9,3.4,349,352,356,0
1.8,2.6,349,350,350,1
3.2,0.5,349,350,350,1
0.2,1.6,349,350,350,1
1,3.9,349,350,350,1
1.1,2,350,353,357,0
3.7,0,350,353,357,0
3.5,0.3,350,353,357,0
0.5,3.2,350,353,357,0
0.7,2,350,353,357,0
3.9,3,350,353,357,0
1.7,0.2,350,353,357,0
2.2,3.3,350,353,357,0
2,3.2,350,353,357,0
1.2,4,350,353,357,0
3.5,2.1,350,353,357,0
1.1,1.5,350,353,357,0
2.3,0.8,350,353,357,0
3.9,3.4,350,353,357,0
1,3.5,350,353,357,0
1.8,1.9,350,353,357,0
3.3,1,350,353,357,0
2.5,2.4,350,353,357,0
1.3,0.9,350,353,357,0
2.6,1.5,350,353,357,0
3.1,0.8,350,351,351,1
0.8,1,350,351,351,1
3.4,1.8,350,351,351,1
2.8,4,350,351,351,1
1.3,0.5,351,354,358,0
2,3.3,351,354,358,0
0.8,1.4,351,354,358,0
1.4,2.4,351,354,358,0
0.9,2.3,351,354,358,0
3.3,2.6,351,354,358,0
4,3.4,351,354,358,0
1.3,2.2,351,354,358,0
3,0,351,354,358,0
3,1,351,354,358,0
0.9,3.4,351,354,358,0
2.7,1.4,351,354,358,0
2.5,2.5,351,354,358,0
2.3,3.1,351,354,358,0
3.2,2.6,351,354,358,0
2.4,0.5,351,354,358,0
2.4,2.9,351,354,358,0
3.9,2.6,351,354,358,0
2.4,0.9,351,354,358,0
1.5,2.5,351,354,358,0
1,1.5,351,352,352,1
1.4,3,351,352,352,1
0.5,3.1,351,352,352,1
3.6,3.5,351,352,352,1
2.9,1.6,352,355,359,0
2.9,3,352,355,359,0
2,3.5,352,355,359,0
0.8,0,352,355,359,0
4,2.2,352,355,359,0
0.9,3.6,352,355,359,0
2.6,3.3,352,355,359,0
2.8,1.7,352,355,359,0
0.8,2.8,352,355,359,0
0.2,2,352,355,359,0
3.9,3.8,352,355,359,0
1.6,2.4,352,355,359,0
0.7,3.4,352,355,359,0
0.4,1.7,352,355,359,0
3.6,0.3,352,355,359,0
0.8,4,352,355,359,0
3.4,1,352,355,359,0
0.9,0.6,352,355,359,0
1.2,3.1,352,355,359,0
3.4,1.4,352,355,359,0
0.6,1.2,352,353,353,1
0.7,1.8,352,353,353,1
1.2,3.7,352,353,353,1
0.2,3.9,352,353,353,1
1,3.7,353,356,360,0
1.6,2.7,353,356,360,0
3,3,353,356,360,0
0.5,2.3,353,356,360,0
1.3,0,353,356,360,0
2.9,3.2,353,356,360,0
3.3,2.6,353,356,360,0
3.2,0.1,353,356,360,0
2.1,0.8,353,356,360,0
3.5,1.6,353,356,360,0
1.9,2.6,353,356,360,0
3.6,0.9,353,356,360,0
1.6,1,353,356,360,0
2.5,2.6,353,356,360,0
0.1,0.8,353,356,360,0
3.3,1.9,353,356,360,0
3.7,2.1,353,356,360,0
4,0.7,353,356,360,0
1.9,0.4,353,356,360,0
1.4,1.6,353,356,360,0
2.8,1.2,353,354,354,1
3.8,0.7,353,354,354,1
0.2,2.7,353,354,354,1
3.2,2.9,353,354,354,1
1.7,3.8,354,357,361,0
3.4,2.2,354,357,361,0
3,2.3,354,357,361,0
1.6,1.6,354,357,361,0
1.5,3.1,354,357,361,0
0.9,3,354,357,361,0
2,3.8,354,357,361,0
0.3,0.3,354,357,361,0
1.4,1.6,354,357,361,0
3.1,3.7,354,357,361,0
3.7,2.6,354,357,361,0
3.5,0.3,354,357,361,0
0.9,1.4,354,357,361,0
0,2.8,354,357,361,0
1.1,1.1,354,357,361,0
2.8,0.3,354,357,361,0
3.9,3.2,354,357,361,0
3.7,0.6,354,357,361,0
2.3,2.3,354,357,361,0
3.1,3.8,354,357,361,0
1.9,4,354,355,355,1
1.7,0.4,354,355,355,1
1.7,2.2,354,355,355,1
2.9,0.7,354,355,355,1
0.8,2.3,355,358,362,0
0.7,2.5,355,358,362,0
1,3.3,355,358,362,0
3.4,3.1,355,358,362,0
1.9,2.6,355,358,362,0
0.4,0.7,355,358,362,0
3.9,1.7,355,358,362,0
0.4,3.2,355,358,362,0
3.4,0.4,355,358,362,0
1.9,3.1,355,358,362,0
3.1,3.4,355,358,362,0
1.5,3.7,355,358,362,0
1.6,2.6,355,358,362,0
2.3,1.8,355,358,362,0
1.8,2.4,355,358,362,0
3.5,2.4,355,358,362,0
0,3.3,355,358,362,0
1.3,3.2,355,358,362,0
1,0.5,355,358,362,0
1.9,1.4,355,358,362,0
1.4,2.3,355,356,356,1
2.4,3.3,355,356,356,1
3.1,2.4,355,356,356,1
0.3,3.2,355,356,356,1
0.5,1,356,359,363,0
1,3.7,356,359,363,0
0.7,3.8,356,359,363,0
1.4,3.7,356,359,363,0
3.9,0.5,356,359,363,0
4,0.6,356,359,363,0
0.5,0.4,356,359,363,0
2.9,0.8,356,359,363,0
3.4,3.3,356,359,363,0
1.7,0,356,359,363,0
0.7,1.6,356,359,363,0
0.7,3.3,356,359,363,0
0.1,1.7,356,359,363,0
2.6,0.5,356,359,363,0
2.5,1.3,356,359,363,0
3.5,3.3,356,359,363,0
0,0.8,356,359,363,0
2.9,0.6,356,359,363,0
0.7,2.1,356,359,363,0
1.5,3,356,359,363,0
0.8,1,356,357,357,1
1.8,4,356,357,357,1
0.9,3.9,356,357,357,1
3.1,2.3,356,357,357,1
2.8,0.9,357,360,364,0
3.5,0.8,357,360,364,0
3.1,4,357,360,364,0
3.4,2.2,357,360,364,0
3.7,0.4,357,360,364,0
2.2,0,357,360,364,0
1.7,0.5,357,360,364,0
2,1.1,357,360,364,0
3.4,3.7,357,360,364,0
0.5,0.7,357,360,364,0
0,1.1,357,360,364,0
2.6,2.2,357,360,364,0
0.9,1.4,357,360,364,0
2.2,2.1,357,360,364,0
1.4,4,357,360,364,0
0.1,1.7,357,360,364,0
3.7,0.2,357,360,364,0
1.1,1.3,357,360,364,0
0.8,1.6,357,360,364,0
0.4,1.2,357,360,364,0
3.4,1.9,357,358,358,1
2.4,2,357,358,358,1
3.7,0.7,357,358,358,1
2.7,0.5,357,358,358,1
2,2.3,358,361,365,0
3.6,1.3,358,361,365,0
2.6,2.1,358,361,365,0
3.6,1.6,358,361,365,0
3,2.1,358,361,365,0
2.5,2.8,358,361,365,0
2.5,0.2,358,361,365,0
3.7,2.2,358,361,365,0
3.6,0.7,358,361,365,0
4,1,358,361,365,0
2.6,2.6,358,361,365,0
0,2.8,358,361,365,0
2,0,358,361,365,0
2,1.9,358,361,365,0
3.7,3.8,358,361,365,0
1.9,3.5,358,361,365,0
1.7,0.6,358,361,365,0
3.6,3.3,358,361,365,0
0.8,2.2,358,361,365,0
0.2,1.1,358,361,365,0
2.1,2.5,358,359,359,1
4,1.1,358,359,359,1
0.8,1.6,358,359,359,1
0.4,2.8,358,359,359,1
0,3.1,359,362,366,0
2.9,2.6,359,362,366,0
1.8,3.1,359,362,366,0
1.3,1.9,359,362,366,0
0.2,0.8,359,362,366,0
1.6,3.6,359,362,366,0
1.8,0.5,359,362,366,0
1.6,4,359,362,366,0
0.2,0.7,359,362,366,0
0.4,1.1,359,362,366,0
0.1,1.4,359,362,366,0
1.3,0.6,359,362,366,0
3.3,0.4,359,362,366,0
1.8,0.4,359,362,366,0
3.6,3.1,359,362,366,0
1,1.3,359,362,366,0
0.5,3.1,359,362,366,0
2.3,1.3,359,362,366,0
1.3,4,359,362,366,0
2.3,3.2,359,362,366,0
2.2,1.9,359,360,360,1
3.3,3.1,359,360,360,1
1.8,0.7,359,360,360,1
0,1.5,359,360,360,1
2.5,0.5,360,363,367,0
2.1,2.9,360,363,367,0
3.1,2.9,360,363,367,0
2.9,3.4,360,363,367,0
1.2,1.6,360,363,367,0
3.1,3.1,360,363,367,0
3.7,4,360,363,367,0
3.9,0.6,360,363,367,0
2.3,3.7,360,363,367,0
0.9,0.5,360,363,367,0
3.7,1.3,360,363,367,0
3,1.2,360,363,367,0
1,1.3,360,363,367,0
0.6,0.2,360,363,367,0
1,1.6,360,363,367,0
1.8,3.5,360,363,367,0
0.7,2.6,360,363,367,0
2,1.1,360,363,367,0
0.1,0,360,363,367,0
0,1,360,363,367,0
4,2.5,360,361,361,1
2.9,3.8,360,361,361,1
0.2,2.6,360,361,361,1
0.4,0.6,360,361,361,1
